Time,Centre position X,Centre position Y,In Brazo abierto,In brazo cerrado,In centro+
0.000,,,0,0,0
0.210,337,249,0,0,0
0.330,337,249,0,0,0
0.440,338,251,0,0,0
0.570,337,252,0,0,0
0.690,338,252,0,0,0
0.800,338,252,0,0,0
0.910,337,250,0,0,0
1.030,339,247,0,0,0
1.150,342,247,0,0,0
1.270,350,248,0,1,0
1.390,361,248,0,1,0
1.500,373,248,0,1,0
1.620,388,248,0,1,0
1.740,399,247,0,1,0
1.850,406,245,0,1,0
1.960,417,244,0,1,0
2.080,432,241,0,1,0
2.190,440,241,0,1,0
2.310,453,241,0,1,0
2.420,463,241,0,1,0
2.530,466,241,0,1,0
2.650,466,241,0,1,0
2.770,468,243,0,1,0
2.890,470,244,0,1,0
3.010,472,245,0,1,0
3.120,473,245,0,1,0
3.230,472,244,0,1,0
3.350,473,244,0,1,0
3.460,474,243,0,1,0
3.580,474,244,0,1,0
3.700,474,244,0,1,0
3.810,474,246,0,1,0
3.920,473,246,0,1,0
4.050,472,245,0,1,0
4.150,472,245,0,1,0
4.270,470,245,0,1,0
4.390,472,245,0,1,0
4.500,472,248,0,1,0
4.610,474,245,0,1,0
4.740,470,242,0,1,0
4.860,463,241,0,1,0
4.980,456,241,0,1,0
5.090,454,242,0,1,0
5.220,454,242,0,1,0
5.330,456,242,0,1,0
5.440,454,242,0,1,0
5.550,453,243,0,1,0
5.670,452,244,0,1,0
5.790,452,243,0,1,0
5.910,450,243,0,1,0
6.020,449,245,0,1,0
6.140,438,248,0,1,0
6.260,432,250,0,1,0
6.370,427,250,0,1,0
6.490,418,251,0,1,0
6.610,415,251,0,1,0
6.730,415,251,0,1,0
6.860,415,250,0,1,0
6.970,415,250,0,1,0
7.090,415,250,0,1,0
7.200,410,249,0,1,0
7.320,398,247,0,1,0
7.430,391,244,0,1,0
7.550,387,243,0,1,0
7.670,383,243,0,1,0
7.780,381,243,0,1,0
7.900,382,243,0,1,0
8.020,382,244,0,1,0
8.130,380,244,0,1,0
8.250,370,244,0,1,0
8.370,363,244,0,1,0
8.490,362,244,0,1,0
8.600,362,244,0,1,0
8.720,362,244,0,1,0
8.830,361,244,0,1,0
8.940,362,244,0,1,0
9.050,362,244,0,1,0
9.160,363,244,0,1,0
9.270,361,245,0,1,0
9.390,359,247,0,1,0
9.510,358,247,0,1,0
9.630,357,247,0,1,0
9.740,356,248,0,1,0
9.860,355,248,0,1,0
9.980,353,249,0,1,0
10.090,353,249,0,1,0
10.200,352,249,0,1,0
10.330,351,249,0,1,0
10.450,352,249,0,1,0
10.570,352,249,0,1,0
10.690,352,249,0,1,0
10.810,352,249,0,1,0
10.930,353,249,0,1,0
11.050,354,248,0,1,0
11.160,354,247,0,1,0
11.280,352,246,0,1,0
11.390,351,246,0,1,0
11.510,352,244,0,1,0
11.620,351,244,0,1,0
11.730,352,244,0,1,0
11.850,353,244,0,1,0
11.970,353,244,0,1,0
12.080,353,244,0,1,0
12.200,353,244,0,1,0
12.310,354,244,0,1,0
12.430,354,244,0,1,0
12.550,353,243,0,1,0
12.670,352,243,0,1,0
12.780,351,242,0,1,0
12.900,350,242,0,1,0
13.020,351,242,0,1,0
13.130,351,242,0,1,0
13.250,351,242,0,1,0
13.370,351,242,0,1,0
13.490,351,242,0,1,0
13.600,351,242,0,1,0
13.720,351,242,0,1,0
13.840,351,241,0,1,0
13.950,351,241,0,1,0
14.060,351,242,0,1,0
14.180,351,242,0,1,0
14.290,352,242,0,1,0
14.410,350,243,0,1,0
14.530,348,244,0,1,0
14.650,343,244,0,0,0
14.770,339,245,0,0,0
14.890,335,245,0,0,0
15.020,327,246,0,0,1
15.140,323,247,0,0,1
15.250,319,248,0,0,0
15.370,310,249,0,1,0
15.490,300,250,0,1,0
15.620,285,251,0,1,0
15.730,276,250,0,1,0
15.850,263,250,0,1,0
15.960,252,249,0,1,0
16.080,246,249,0,1,0
16.190,243,250,0,1,0
16.320,242,250,0,1,0
16.440,243,249,0,1,0
16.550,244,250,0,1,0
16.670,242,250,0,1,0
16.780,238,251,0,1,0
16.920,226,251,0,1,0
17.030,213,251,0,1,0
17.140,207,252,0,1,0
17.260,206,252,0,1,0
17.380,203,252,0,1,0
17.500,201,251,0,1,0
17.620,200,251,0,1,0
17.730,199,251,0,1,0
17.850,199,252,0,1,0
17.960,199,251,0,1,0
18.080,199,251,0,1,0
18.190,199,251,0,1,0
18.310,199,251,0,1,0
18.420,199,252,0,1,0
18.530,199,252,0,1,0
18.650,199,251,0,1,0
18.770,198,252,0,1,0
18.900,199,252,0,1,0
19.020,199,251,0,1,0
19.140,199,252,0,1,0
19.250,199,252,0,1,0
19.360,199,251,0,1,0
19.470,199,252,0,1,0
19.580,199,251,0,1,0
19.700,200,251,0,1,0
19.820,199,251,0,1,0
19.930,200,253,0,1,0
20.050,200,253,0,1,0
20.160,200,252,0,1,0
20.290,198,252,0,1,0
20.400,198,252,0,1,0
20.530,197,252,0,1,0
20.650,199,252,0,1,0
20.770,200,252,0,1,0
20.880,201,253,0,1,0
21.000,201,253,0,1,0
21.120,201,252,0,1,0
21.230,202,252,0,1,0
21.350,201,252,0,1,0
21.470,198,248,0,1,0
21.590,194,247,0,1,0
21.710,194,248,0,1,0
21.820,196,246,0,1,0
21.940,198,245,0,1,0
22.050,199,244,0,1,0
22.170,199,244,0,1,0
22.270,203,244,0,1,0
22.380,204,243,0,1,0
22.500,203,243,0,1,0
22.620,202,244,0,1,0
22.740,201,244,0,1,0
22.860,199,244,0,1,0
22.990,197,243,0,1,0
23.110,197,243,0,1,0
23.230,197,244,0,1,0
23.340,197,244,0,1,0
23.460,198,244,0,1,0
23.570,199,243,0,1,0
23.690,205,242,0,1,0
23.810,219,242,0,1,0
23.930,234,242,0,1,0
24.050,246,243,0,1,0
24.160,256,243,0,1,0
24.280,273,244,0,1,0
24.400,283,244,0,1,0
24.510,292,245,0,1,0
24.630,297,246,0,1,0
24.750,297,246,0,1,0
24.870,296,246,0,1,0
24.990,297,246,0,1,0
25.110,298,247,0,1,0
25.220,302,246,0,1,0
25.330,303,246,0,1,0
25.450,304,246,0,1,0
25.570,302,246,0,1,0
25.690,302,247,0,1,0
25.800,301,246,0,1,0
25.920,304,247,0,1,0
26.030,304,247,0,1,0
26.150,303,247,0,1,0
26.270,303,247,0,1,0
26.380,307,246,0,1,0
26.500,310,246,0,1,0
26.610,310,246,0,1,0
26.720,310,247,0,1,0
26.840,311,247,0,1,0
26.950,311,247,0,1,0
27.060,311,247,0,1,0
27.190,311,247,0,1,0
27.300,311,247,0,1,0
27.410,312,247,0,1,0
27.520,314,247,0,1,0
27.650,318,250,0,0,0
27.760,319,251,0,0,0
27.870,320,252,0,0,0
27.990,319,252,0,0,0
28.100,319,252,0,0,0
28.210,319,252,0,0,0
28.330,319,252,0,0,0
28.440,318,251,0,0,0
28.550,318,251,0,0,0
28.660,318,251,0,0,0
28.780,318,251,0,0,0
28.890,318,251,0,0,0
29.000,319,250,0,0,0
29.120,318,249,0,0,0
29.240,318,246,0,0,0
29.360,321,244,0,0,0
29.480,331,244,0,0,1
29.600,344,242,0,0,0
29.710,356,241,0,1,0
29.820,371,241,0,1,0
29.930,389,240,0,1,0
30.040,398,240,0,1,0
30.160,413,240,0,1,0
30.280,435,240,0,1,0
30.390,451,241,0,1,0
30.500,462,241,0,1,0
30.620,467,241,0,1,0
30.730,471,241,0,1,0
30.850,474,243,0,1,0
30.960,474,246,0,1,0
31.080,474,247,0,1,0
31.200,473,247,0,1,0
31.320,474,247,0,1,0
31.440,473,246,0,1,0
31.550,472,246,0,1,0
31.670,472,246,0,1,0
31.780,472,246,0,1,0
31.890,473,246,0,1,0
32.010,472,244,0,1,0
32.130,469,244,0,1,0
32.240,468,244,0,1,0
32.360,467,244,0,1,0
32.470,466,244,0,1,0
32.590,466,244,0,1,0
32.710,465,244,0,1,0
32.830,466,244,0,1,0
32.950,466,243,0,1,0
33.070,465,244,0,1,0
33.190,465,244,0,1,0
33.310,466,244,0,1,0
33.420,466,245,0,1,0
33.550,465,246,0,1,0
33.660,466,247,0,1,0
33.770,466,247,0,1,0
33.880,469,247,0,1,0
34.000,468,246,0,1,0
34.110,468,245,0,1,0
34.230,468,246,0,1,0
34.350,467,245,0,1,0
34.460,465,245,0,1,0
34.580,464,244,0,1,0
34.690,464,244,0,1,0
34.790,464,244,0,1,0
34.920,464,244,0,1,0
35.030,463,245,0,1,0
35.150,464,244,0,1,0
35.260,464,245,0,1,0
35.380,464,245,0,1,0
35.490,463,246,0,1,0
35.600,460,248,0,1,0
35.720,458,248,0,1,0
35.840,459,247,0,1,0
35.950,458,249,0,1,0
36.070,454,250,0,1,0
36.190,453,251,0,1,0
36.310,451,249,0,1,0
36.420,452,250,0,1,0
36.530,452,250,0,1,0
36.640,451,250,0,1,0
36.760,450,249,0,1,0
36.870,445,248,0,1,0
36.990,443,246,0,1,0
37.100,441,244,0,1,0
37.220,441,244,0,1,0
37.340,441,244,0,1,0
37.460,441,245,0,1,0
37.570,438,244,0,1,0
37.690,435,245,0,1,0
37.810,436,246,0,1,0
37.920,429,245,0,1,0
38.030,421,245,0,1,0
38.150,416,245,0,1,0
38.270,410,244,0,1,0
38.380,406,244,0,1,0
38.500,404,244,0,1,0
38.620,405,243,0,1,0
38.730,406,245,0,1,0
38.850,406,245,0,1,0
38.960,406,245,0,1,0
39.070,405,245,0,1,0
39.180,399,245,0,1,0
39.290,392,245,0,1,0
39.400,391,245,0,1,0
39.520,390,246,0,1,0
39.630,384,248,0,1,0
39.750,382,249,0,1,0
39.870,375,251,0,1,0
39.980,370,251,0,1,0
40.090,369,251,0,1,0
40.210,369,251,0,1,0
40.340,369,250,0,1,0
40.450,367,249,0,1,0
40.560,363,250,0,1,0
40.680,361,249,0,1,0
40.800,360,249,0,1,0
40.930,360,249,0,1,0
41.050,361,249,0,1,0
41.170,361,249,0,1,0
41.290,361,249,0,1,0
41.410,362,248,0,1,0
41.520,362,246,0,1,0
41.630,361,246,0,1,0
41.750,360,246,0,1,0
41.850,360,246,0,1,0
41.970,359,245,0,1,0
42.090,358,245,0,1,0
42.210,358,246,0,1,0
42.320,359,245,0,1,0
42.430,358,246,0,1,0
42.550,360,246,0,1,0
42.670,360,246,0,1,0
42.790,361,245,0,1,0
42.900,363,246,0,1,0
43.020,364,247,0,1,0
43.120,364,247,0,1,0
43.240,365,246,0,1,0
43.360,368,245,0,1,0
43.480,373,243,0,1,0
43.610,390,241,0,1,0
43.730,411,240,0,1,0
43.850,421,241,0,1,0
43.960,440,241,0,1,0
44.080,450,240,0,1,0
44.200,462,240,0,1,0
44.310,465,240,0,1,0
44.420,465,241,0,1,0
44.530,462,242,0,1,0
44.640,466,241,0,1,0
44.760,464,241,0,1,0
44.860,463,241,0,1,0
44.970,461,241,0,1,0
45.090,461,242,0,1,0
45.210,460,241,0,1,0
45.330,461,241,0,1,0
45.450,465,242,0,1,0
45.560,465,242,0,1,0
45.680,463,243,0,1,0
45.860,458,244,0,1,0
45.970,465,243,0,1,0
46.090,477,241,0,1,0
46.210,465,243,0,1,0
46.320,465,243,0,1,0
46.440,464,244,0,1,0
46.550,462,243,0,1,0
46.660,462,243,0,1,0
46.780,464,243,0,1,0
46.890,464,243,0,1,0
47.010,461,243,0,1,0
47.130,455,242,0,1,0
47.250,455,242,0,1,0
47.360,455,241,0,1,0
47.480,453,243,0,1,0
47.600,452,243,0,1,0
47.720,452,243,0,1,0
47.840,451,244,0,1,0
47.960,452,245,0,1,0
48.070,452,247,0,1,0
48.190,451,247,0,1,0
48.320,451,247,0,1,0
48.440,452,247,0,1,0
48.550,452,246,0,1,0
48.660,449,245,0,1,0
48.770,447,245,0,1,0
48.890,446,246,0,1,0
49.010,446,245,0,1,0
49.130,444,246,0,1,0
49.240,446,247,0,1,0
49.360,447,246,0,1,0
49.460,450,245,0,1,0
49.580,450,247,0,1,0
49.700,451,247,0,1,0
49.810,450,247,0,1,0
49.930,452,248,0,1,0
50.040,450,247,0,1,0
50.160,449,247,0,1,0
50.270,450,248,0,1,0
50.380,450,247,0,1,0
50.490,448,247,0,1,0
50.610,445,249,0,1,0
50.720,444,248,0,1,0
50.830,442,248,0,1,0
50.950,437,247,0,1,0
51.050,429,248,0,1,0
51.170,420,247,0,1,0
51.290,416,248,0,1,0
51.410,414,248,0,1,0
51.520,412,247,0,1,0
51.640,404,247,0,1,0
51.750,399,246,0,1,0
51.870,398,247,0,1,0
51.980,398,247,0,1,0
52.110,398,247,0,1,0
52.210,400,246,0,1,0
52.330,399,246,0,1,0
52.440,399,245,0,1,0
52.550,400,245,0,1,0
52.670,402,245,0,1,0
52.790,401,245,0,1,0
52.900,401,245,0,1,0
53.020,398,245,0,1,0
53.130,397,246,0,1,0
53.250,393,246,0,1,0
53.370,388,245,0,1,0
53.480,384,246,0,1,0
53.600,380,247,0,1,0
53.720,373,248,0,1,0
53.850,369,248,0,1,0
53.970,367,248,0,1,0
54.080,364,248,0,1,0
54.190,359,249,0,1,0
54.300,355,250,0,1,0
54.430,354,249,0,1,0
54.550,353,250,0,1,0
54.660,353,250,0,1,0
54.780,354,250,0,1,0
54.880,354,250,0,1,0
54.990,354,250,0,1,0
55.110,354,250,0,1,0
55.220,354,250,0,1,0
55.330,353,251,0,1,0
55.440,352,251,0,1,0
55.570,352,251,0,1,0
55.680,351,251,0,1,0
55.800,349,251,0,1,0
55.910,346,252,0,1,0
56.020,346,252,0,1,0
56.140,346,251,0,1,0
56.260,340,249,0,0,0
56.380,335,248,0,0,0
56.490,326,247,0,0,1
56.610,320,246,0,0,0
56.720,312,245,0,0,0
56.840,301,244,0,1,0
56.960,288,243,0,1,0
57.070,276,244,0,1,0
57.190,260,246,0,1,0
57.300,248,248,0,1,0
57.420,237,249,0,1,0
57.540,225,249,0,1,0
57.650,218,249,0,1,0
57.760,220,250,0,1,0
57.880,223,251,0,1,0
58.000,223,252,0,1,0
58.120,221,251,0,1,0
58.240,220,251,0,1,0
58.350,220,251,0,1,0
58.480,211,251,0,1,0
58.600,204,252,0,1,0
58.710,203,251,0,1,0
58.840,201,250,0,1,0
58.950,199,248,0,1,0
59.080,197,248,0,1,0
59.200,197,247,0,1,0
59.310,196,246,0,1,0
59.430,196,245,0,1,0
59.540,197,246,0,1,0
59.660,195,245,0,1,0
59.780,195,246,0,1,0
59.890,194,245,0,1,0
60.000,195,246,0,1,0
60.120,195,245,0,1,0
60.240,195,245,0,1,0
60.350,195,245,0,1,0
60.460,195,245,0,1,0
60.560,196,245,0,1,0
60.670,196,246,0,1,0
60.780,197,246,0,1,0
60.890,196,245,0,1,0
61.020,196,246,0,1,0
61.140,196,247,0,1,0
61.260,198,246,0,1,0
61.380,201,244,0,1,0
61.490,209,242,0,1,0
61.600,215,242,0,1,0
61.730,223,242,0,1,0
61.840,238,243,0,1,0
61.960,248,244,0,1,0
62.080,258,245,0,1,0
62.190,273,247,0,1,0
62.310,282,246,0,1,0
62.410,289,246,0,1,0
62.530,291,244,0,1,0
62.640,296,243,0,1,0
62.770,298,242,0,1,0
62.870,298,242,0,1,0
62.980,298,242,0,1,0
63.090,297,242,0,1,0
63.200,295,242,0,1,0
63.320,296,242,0,1,0
63.440,296,242,0,1,0
63.560,295,242,0,1,0
63.670,295,242,0,1,0
63.790,295,242,0,1,0
63.910,296,242,0,1,0
64.030,296,242,0,1,0
64.150,296,242,0,1,0
64.270,297,242,0,1,0
64.380,297,242,0,1,0
64.500,298,241,0,1,0
64.610,297,242,0,1,0
64.720,297,242,0,1,0
64.840,297,242,0,1,0
64.960,297,242,0,1,0
65.070,297,243,0,1,0
65.190,295,243,0,1,0
65.310,295,243,0,1,0
65.440,301,242,0,1,0
65.550,307,242,0,1,0
65.660,307,241,0,1,0
65.790,307,241,0,1,0
65.900,308,241,0,1,0
66.020,309,241,0,1,0
66.140,310,240,0,1,0
66.260,314,239,0,0,0
66.380,317,238,0,0,0
66.490,317,239,0,0,0
66.610,317,239,0,0,0
66.720,317,239,0,0,0
66.830,318,238,0,0,0
66.960,319,237,0,0,0
67.070,318,237,0,0,0
67.190,318,238,0,0,0
67.300,317,238,0,0,0
67.420,318,238,0,0,0
67.530,318,238,0,0,0
67.650,318,238,0,0,0
67.770,318,238,0,0,0
67.880,318,238,0,0,0
68.000,319,237,0,0,0
68.110,320,236,0,0,0
68.230,322,234,0,0,0
68.340,322,233,0,0,0
68.450,322,234,0,0,0
68.570,321,237,0,0,0
68.700,323,238,0,0,0
68.800,327,238,0,0,0
68.920,337,239,0,0,0
69.040,350,241,0,1,0
69.150,366,241,0,1,0
69.270,381,241,0,1,0
69.390,398,241,0,1,0
69.510,416,241,0,1,0
69.620,426,241,0,1,0
69.740,437,241,0,1,0
69.850,445,242,0,1,0
69.970,452,242,0,1,0
70.090,457,243,0,1,0
70.210,455,245,0,1,0
70.330,464,243,0,1,0
70.450,467,244,0,1,0
70.570,472,245,0,1,0
70.690,473,245,0,1,0
70.800,473,245,0,1,0
70.920,473,245,0,1,0
71.030,473,245,0,1,0
71.150,473,245,0,1,0
71.260,473,245,0,1,0
71.380,473,246,0,1,0
71.500,473,246,0,1,0
71.620,472,245,0,1,0
71.730,473,245,0,1,0
71.850,474,244,0,1,0
71.970,474,243,0,1,0
72.080,474,243,0,1,0
72.200,474,243,0,1,0
72.320,475,242,0,1,0
72.430,474,243,0,1,0
72.560,474,242,0,1,0
72.680,475,243,0,1,0
72.790,471,244,0,1,0
72.920,474,244,0,1,0
73.030,475,245,0,1,0
73.150,475,244,0,1,0
73.260,475,244,0,1,0
73.370,475,244,0,1,0
73.480,476,245,0,1,0
73.600,476,246,0,1,0
73.720,474,245,0,1,0
73.840,472,245,0,1,0
73.960,470,244,0,1,0
74.080,467,246,0,1,0
74.190,464,244,0,1,0
74.300,464,245,0,1,0
74.420,465,244,0,1,0
74.540,465,244,0,1,0
74.660,466,244,0,1,0
74.790,465,244,0,1,0
74.900,466,244,0,1,0
75.020,466,245,0,1,0
75.140,465,244,0,1,0
75.260,466,244,0,1,0
75.380,466,244,0,1,0
75.490,466,244,0,1,0
75.600,467,243,0,1,0
75.710,467,244,0,1,0
75.830,466,244,0,1,0
75.940,467,244,0,1,0
76.050,466,244,0,1,0
76.160,467,244,0,1,0
76.280,467,244,0,1,0
76.400,467,244,0,1,0
76.510,466,244,0,1,0
76.630,466,243,0,1,0
76.750,463,244,0,1,0
76.870,460,245,0,1,0
76.980,460,244,0,1,0
77.090,459,244,0,1,0
77.220,457,245,0,1,0
77.340,456,244,0,1,0
77.450,456,244,0,1,0
77.570,451,245,0,1,0
77.670,445,244,0,1,0
77.790,443,245,0,1,0
77.910,437,246,0,1,0
78.030,430,248,0,1,0
78.140,424,249,0,1,0
78.260,417,249,0,1,0
78.380,409,249,0,1,0
78.490,402,249,0,1,0
78.610,393,249,0,1,0
78.720,387,249,0,1,0
78.840,383,249,0,1,0
78.960,377,249,0,1,0
79.080,367,248,0,1,0
79.200,363,248,0,1,0
79.310,361,248,0,1,0
79.420,361,248,0,1,0
79.540,361,248,0,1,0
79.650,362,249,0,1,0
79.770,361,249,0,1,0
79.890,359,250,0,1,0
80.000,357,250,0,1,0
80.110,357,250,0,1,0
80.230,355,250,0,1,0
80.340,351,251,0,1,0
80.460,351,251,0,1,0
80.570,350,251,0,1,0
80.680,350,251,0,1,0
80.790,350,252,0,1,0
80.900,349,252,0,1,0
81.030,345,254,0,1,0
81.140,342,256,0,0,0
81.260,341,257,0,0,0
81.380,340,258,0,0,0
81.490,340,259,0,0,0
81.610,338,260,0,0,0
81.720,336,260,0,0,0
81.830,335,261,0,0,0
81.950,335,260,0,0,0
82.070,335,261,0,0,0
82.180,335,261,0,0,0
82.300,334,263,0,0,0
82.410,333,264,0,0,0
82.530,333,264,0,0,0
82.650,332,264,0,0,0
82.770,332,264,0,0,0
82.880,332,264,0,0,0
82.990,332,264,0,0,0
83.110,334,263,0,0,0
83.220,335,263,0,0,0
83.350,336,264,0,0,0
83.450,336,268,0,0,0
83.570,336,271,0,0,0
83.680,336,272,0,0,0
83.790,336,273,1,0,0
83.900,336,272,1,0,0
84.020,337,267,0,0,0
84.140,337,266,0,0,0
84.250,337,264,0,0,0
84.370,338,263,0,0,0
84.480,338,262,0,0,0
84.600,339,262,0,0,0
84.710,338,261,0,0,0
84.820,338,262,0,0,0
84.940,339,261,0,0,0
85.050,338,262,0,0,0
85.170,338,262,0,0,0
85.290,337,263,0,0,0
85.400,337,264,0,0,0
85.510,335,265,0,0,0
85.630,334,266,0,0,0
85.760,334,265,0,0,0
85.880,335,262,0,0,0
85.990,335,258,0,0,1
86.100,333,255,0,0,1
86.210,329,252,0,0,1
86.320,326,249,0,0,1
86.430,325,249,0,0,1
86.540,325,249,0,0,1
86.660,324,248,0,0,1
86.760,324,248,0,0,1
86.880,324,248,0,0,1
87.000,323,248,0,0,1
87.120,324,248,0,0,1
87.240,323,247,0,0,1
87.360,324,245,0,0,1
87.480,325,244,0,0,0
87.590,325,240,0,0,0
87.710,325,242,0,0,0
87.820,325,241,0,0,0
87.940,325,241,0,0,0
88.050,325,239,0,0,0
88.170,325,239,0,0,0
88.290,325,241,0,0,0
88.410,326,237,0,0,0
88.520,328,234,0,0,0
88.640,329,230,1,0,0
88.750,329,228,1,0,0
88.870,329,229,1,0,0
88.980,331,228,1,0,0
89.090,331,228,1,0,0
89.210,331,228,1,0,0
89.330,330,228,1,0,0
89.450,330,229,1,0,0
89.570,330,230,1,0,0
89.680,330,232,1,0,0
89.800,330,233,1,0,0
89.920,335,237,0,0,0
90.050,347,240,0,0,0
90.160,359,241,0,1,0
90.270,366,241,0,1,0
90.380,378,242,0,1,0
90.500,390,242,0,1,0
90.610,398,242,0,1,0
90.730,405,242,0,1,0
90.850,413,242,0,1,0
90.970,420,242,0,1,0
91.090,431,241,0,1,0
91.200,439,242,0,1,0
91.310,447,243,0,1,0
91.420,451,244,0,1,0
91.550,450,245,0,1,0
91.670,449,244,0,1,0
91.780,446,245,0,1,0
91.900,446,243,0,1,0
92.010,446,243,0,1,0
92.130,446,243,0,1,0
92.250,446,244,0,1,0
92.370,446,243,0,1,0
92.490,447,244,0,1,0
92.600,447,245,0,1,0
92.710,446,245,0,1,0
92.840,446,245,0,1,0
92.950,447,245,0,1,0
93.060,447,245,0,1,0
93.180,446,245,0,1,0
93.300,445,245,0,1,0
93.430,444,245,0,1,0
93.530,445,245,0,1,0
93.650,445,245,0,1,0
93.770,446,245,0,1,0
93.890,446,244,0,1,0
94.010,446,245,0,1,0
94.130,444,244,0,1,0
94.250,444,243,0,1,0
94.360,443,244,0,1,0
94.480,441,245,0,1,0
94.600,440,244,0,1,0
94.710,441,245,0,1,0
94.820,440,246,0,1,0
94.940,440,247,0,1,0
95.060,439,248,0,1,0
95.170,439,247,0,1,0
95.290,439,247,0,1,0
95.410,439,247,0,1,0
95.520,441,247,0,1,0
95.620,440,246,0,1,0
95.730,441,246,0,1,0
95.850,441,247,0,1,0
95.970,441,246,0,1,0
96.080,441,247,0,1,0
96.190,441,247,0,1,0
96.310,441,247,0,1,0
96.420,441,247,0,1,0
96.550,441,246,0,1,0
96.660,441,246,0,1,0
96.780,442,247,0,1,0
96.900,444,246,0,1,0
97.020,446,247,0,1,0
97.140,448,247,0,1,0
97.260,449,247,0,1,0
97.370,448,246,0,1,0
97.490,448,247,0,1,0
97.600,448,247,0,1,0
97.720,449,248,0,1,0
97.840,449,248,0,1,0
97.950,449,248,0,1,0
98.070,450,248,0,1,0
98.180,447,247,0,1,0
98.300,447,249,0,1,0
98.410,447,248,0,1,0
98.520,447,248,0,1,0
98.640,446,249,0,1,0
98.760,442,249,0,1,0
98.880,438,249,0,1,0
99.000,435,248,0,1,0
99.120,432,248,0,1,0
99.230,429,249,0,1,0
99.350,429,248,0,1,0
99.460,429,247,0,1,0
99.580,428,248,0,1,0
99.690,428,248,0,1,0
99.810,427,248,0,1,0
99.930,428,248,0,1,0
100.050,427,248,0,1,0
100.160,427,249,0,1,0
100.270,428,248,0,1,0
100.390,427,248,0,1,0
100.520,427,248,0,1,0
100.630,428,248,0,1,0
100.750,426,248,0,1,0
100.860,427,248,0,1,0
100.970,427,248,0,1,0
101.100,427,248,0,1,0
101.210,427,248,0,1,0
101.320,427,248,0,1,0
101.440,426,248,0,1,0
101.550,425,248,0,1,0
101.670,425,248,0,1,0
101.780,425,248,0,1,0
101.900,425,248,0,1,0
102.010,425,248,0,1,0
102.130,425,248,0,1,0
102.250,425,248,0,1,0
102.380,423,248,0,1,0
102.490,420,248,0,1,0
102.610,416,248,0,1,0
102.720,412,248,0,1,0
102.830,408,247,0,1,0
102.950,407,247,0,1,0
103.070,405,249,0,1,0
103.180,405,248,0,1,0
103.310,404,249,0,1,0
103.420,404,249,0,1,0
103.540,404,248,0,1,0
103.650,403,249,0,1,0
103.770,404,248,0,1,0
103.880,404,249,0,1,0
103.990,404,249,0,1,0
104.110,403,249,0,1,0
104.220,403,249,0,1,0
104.340,403,249,0,1,0
104.450,403,248,0,1,0
104.580,403,248,0,1,0
104.690,401,247,0,1,0
104.810,397,248,0,1,0
104.920,394,247,0,1,0
105.030,386,246,0,1,0
105.150,379,244,0,1,0
105.260,373,243,0,1,0
105.380,371,243,0,1,0
105.510,368,242,0,1,0
105.620,367,242,0,1,0
105.730,367,242,0,1,0
105.850,367,242,0,1,0
105.970,367,243,0,1,0
106.090,366,243,0,1,0
106.210,366,242,0,1,0
106.320,366,243,0,1,0
106.440,365,242,0,1,0
106.550,365,243,0,1,0
106.670,366,243,0,1,0
106.780,366,243,0,1,0
106.890,367,243,0,1,0
107.000,367,242,0,1,0
107.120,367,243,0,1,0
107.240,366,242,0,1,0
107.350,366,242,0,1,0
107.470,366,242,0,1,0
107.590,366,242,0,1,0
107.710,367,242,0,1,0
107.830,366,242,0,1,0
107.940,366,242,0,1,0
108.060,365,242,0,1,0
108.190,363,242,0,1,0
108.310,362,242,0,1,0
108.430,361,242,0,1,0
108.550,361,242,0,1,0
108.660,361,242,0,1,0
108.780,360,241,0,1,0
108.890,358,241,0,1,0
109.000,355,241,0,1,0
109.110,355,241,0,1,0
109.230,355,241,0,1,0
109.350,355,241,0,1,0
109.460,355,241,0,1,0
109.570,354,241,0,1,0
109.690,354,241,0,1,0
109.800,354,241,0,1,0
109.920,354,241,0,1,0
110.040,354,241,0,1,0
110.150,355,241,0,1,0
110.270,355,241,0,1,0
110.380,354,241,0,1,0
110.500,352,240,0,1,0
110.610,351,240,0,1,0
110.730,351,240,0,1,0
110.850,351,240,0,1,0
110.960,350,239,0,1,0
111.070,349,239,0,1,0
111.190,349,239,0,1,0
111.300,349,239,0,1,0
111.420,349,239,0,1,0
111.540,349,239,0,1,0
111.650,349,239,0,1,0
111.770,349,239,0,1,0
111.880,350,239,0,1,0
111.990,350,239,0,1,0
112.110,351,239,0,1,0
112.230,351,239,0,1,0
112.340,350,239,0,1,0
112.560,351,240,0,1,0
112.710,351,240,0,1,0
112.830,351,240,0,1,0
113.120,352,241,0,1,0
113.230,350,240,0,1,0
113.340,350,240,0,1,0
113.470,350,240,0,1,0
113.580,352,241,0,1,0
113.690,349,240,0,1,0
113.800,349,240,0,1,0
113.920,348,240,0,1,0
114.040,347,240,0,1,0
114.140,347,240,0,1,0
114.250,347,240,0,1,0
114.370,347,240,0,1,0
114.480,347,240,0,1,0
114.590,347,240,0,1,0
114.710,347,240,0,1,0
114.820,346,239,0,1,0
114.940,345,239,0,1,0
115.050,342,238,0,0,0
115.180,340,238,0,0,0
115.300,339,238,0,0,0
115.410,339,242,0,0,0
115.520,335,244,0,0,1
115.640,331,245,0,0,1
115.750,327,246,0,0,1
115.860,325,247,0,0,1
115.980,316,248,0,0,0
116.090,307,250,0,1,0
116.210,296,251,0,1,0
116.330,287,253,0,1,0
116.450,275,253,0,1,0
116.560,268,252,0,1,0
116.690,267,250,0,1,0
116.800,268,248,0,1,0
116.910,267,248,0,1,0
117.020,268,249,0,1,0
117.140,268,249,0,1,0
117.250,268,249,0,1,0
117.370,268,249,0,1,0
117.480,268,249,0,1,0
117.600,268,249,0,1,0
117.720,268,249,0,1,0
117.840,268,249,0,1,0
117.950,268,249,0,1,0
118.070,267,250,0,1,0
118.190,261,249,0,1,0
118.310,250,246,0,1,0
118.430,238,245,0,1,0
118.550,224,246,0,1,0
118.670,209,247,0,1,0
118.800,203,248,0,1,0
118.910,203,248,0,1,0
119.030,204,248,0,1,0
119.150,205,248,0,1,0
119.270,205,249,0,1,0
119.390,205,249,0,1,0
119.510,205,248,0,1,0
119.620,205,248,0,1,0
119.730,205,248,0,1,0
119.850,205,248,0,1,0
119.960,205,248,0,1,0
120.070,205,248,0,1,0
120.180,205,248,0,1,0
120.300,207,247,0,1,0
120.410,209,247,0,1,0
120.530,211,248,0,1,0
120.660,215,247,0,1,0
120.770,216,248,0,1,0
120.880,216,247,0,1,0
120.990,216,247,0,1,0
121.100,216,247,0,1,0
121.210,216,247,0,1,0
121.320,216,247,0,1,0
121.430,216,248,0,1,0
121.540,216,247,0,1,0
121.660,216,247,0,1,0
121.780,216,247,0,1,0
121.900,215,247,0,1,0
122.020,215,246,0,1,0
122.140,216,245,0,1,0
122.260,217,245,0,1,0
122.370,218,245,0,1,0
122.500,217,245,0,1,0
122.610,217,245,0,1,0
122.740,217,244,0,1,0
122.860,217,244,0,1,0
122.960,217,244,0,1,0
123.070,217,245,0,1,0
123.190,217,245,0,1,0
123.310,217,245,0,1,0
123.430,217,245,0,1,0
123.540,217,245,0,1,0
123.660,217,244,0,1,0
123.780,216,245,0,1,0
123.890,215,245,0,1,0
124.020,216,245,0,1,0
124.140,216,245,0,1,0
124.250,216,245,0,1,0
124.370,216,245,0,1,0
124.490,216,245,0,1,0
124.600,216,245,0,1,0
124.720,216,245,0,1,0
124.840,216,245,0,1,0
124.950,216,245,0,1,0
125.060,216,244,0,1,0
125.180,216,244,0,1,0
125.280,216,245,0,1,0
125.390,216,245,0,1,0
125.500,216,245,0,1,0
125.620,217,244,0,1,0
125.740,218,243,0,1,0
125.870,220,244,0,1,0
125.980,221,244,0,1,0
126.100,221,244,0,1,0
126.220,222,244,0,1,0
126.350,221,244,0,1,0
126.460,221,243,0,1,0
126.580,220,244,0,1,0
126.700,220,244,0,1,0
126.830,220,244,0,1,0
126.940,221,244,0,1,0
127.060,221,245,0,1,0
127.180,222,245,0,1,0
127.290,222,244,0,1,0
127.400,222,244,0,1,0
127.520,225,244,0,1,0
127.630,227,245,0,1,0
127.740,227,245,0,1,0
127.850,227,245,0,1,0
127.970,228,244,0,1,0
128.090,228,244,0,1,0
128.200,230,245,0,1,0
128.320,234,244,0,1,0
128.430,237,245,0,1,0
128.550,239,245,0,1,0
128.660,243,246,0,1,0
128.780,246,246,0,1,0
128.900,248,245,0,1,0
129.020,247,245,0,1,0
129.150,245,246,0,1,0
129.270,246,247,0,1,0
129.380,247,246,0,1,0
129.500,246,245,0,1,0
129.620,248,244,0,1,0
129.740,245,245,0,1,0
129.860,242,245,0,1,0
129.970,245,244,0,1,0
130.100,249,244,0,1,0
130.220,250,244,0,1,0
130.330,250,244,0,1,0
130.450,250,243,0,1,0
130.570,250,244,0,1,0
130.680,249,244,0,1,0
130.790,250,243,0,1,0
130.900,250,243,0,1,0
131.030,250,243,0,1,0
131.150,250,243,0,1,0
131.260,250,243,0,1,0
131.370,250,243,0,1,0
131.490,250,244,0,1,0
131.600,250,243,0,1,0
131.720,249,243,0,1,0
131.840,250,243,0,1,0
131.960,251,243,0,1,0
132.080,251,243,0,1,0
132.200,250,243,0,1,0
132.320,250,243,0,1,0
132.440,250,243,0,1,0
132.560,250,243,0,1,0
132.680,250,243,0,1,0
132.790,250,243,0,1,0
132.910,251,243,0,1,0
133.020,250,243,0,1,0
133.140,251,243,0,1,0
133.250,251,243,0,1,0
133.370,250,243,0,1,0
133.490,251,243,0,1,0
133.610,250,243,0,1,0
133.710,250,243,0,1,0
133.830,251,243,0,1,0
133.940,251,243,0,1,0
134.060,250,243,0,1,0
134.180,250,243,0,1,0
134.300,250,243,0,1,0
134.410,251,243,0,1,0
134.530,250,243,0,1,0
134.650,251,243,0,1,0
134.760,252,243,0,1,0
134.880,253,243,0,1,0
134.990,255,243,0,1,0
135.100,255,243,0,1,0
135.220,256,243,0,1,0
135.330,256,243,0,1,0
135.450,256,243,0,1,0
135.570,256,243,0,1,0
135.680,255,243,0,1,0
135.800,256,243,0,1,0
135.920,255,243,0,1,0
136.040,256,243,0,1,0
136.160,256,243,0,1,0
136.270,257,243,0,1,0
136.380,257,243,0,1,0
136.500,258,243,0,1,0
136.620,258,243,0,1,0
136.740,257,243,0,1,0
136.850,261,244,0,1,0
136.970,264,245,0,1,0
137.090,265,246,0,1,0
137.210,268,246,0,1,0
137.330,269,245,0,1,0
137.450,270,245,0,1,0
137.560,270,246,0,1,0
137.670,270,245,0,1,0
137.780,270,246,0,1,0
137.900,274,247,0,1,0
138.020,282,246,0,1,0
138.140,285,247,0,1,0
138.270,287,247,0,1,0
138.390,289,247,0,1,0
138.510,292,247,0,1,0
138.640,294,248,0,1,0
138.760,294,248,0,1,0
138.870,296,247,0,1,0
138.990,295,247,0,1,0
139.120,296,248,0,1,0
139.240,295,247,0,1,0
139.360,294,246,0,1,0
139.470,291,245,0,1,0
139.580,291,245,0,1,0
139.690,291,245,0,1,0
139.800,292,246,0,1,0
139.920,290,246,0,1,0
140.040,294,246,0,1,0
140.160,298,246,0,1,0
140.280,303,247,0,1,0
140.400,306,246,0,1,0
140.520,307,246,0,1,0
140.640,306,246,0,1,0
140.760,306,246,0,1,0
140.870,307,246,0,1,0
140.980,307,246,0,1,0
141.090,306,246,0,1,0
141.220,306,245,0,1,0
141.330,310,243,0,1,0
141.450,312,243,0,1,0
141.560,313,244,0,1,0
141.670,312,244,0,1,0
141.790,312,243,0,1,0
141.910,312,243,0,1,0
142.030,313,243,0,1,0
142.150,314,242,0,1,0
142.270,314,242,0,1,0
142.380,314,242,0,1,0
142.500,314,242,0,1,0
142.630,315,242,0,0,0
142.740,314,242,0,0,0
142.840,314,242,0,0,0
142.960,315,242,0,0,0
143.080,315,241,0,0,0
143.200,317,240,0,0,0
143.320,317,240,0,0,0
143.430,317,240,0,0,0
143.540,317,241,0,0,0
143.660,317,241,0,0,0
143.780,314,242,0,0,0
143.890,318,245,0,0,0
144.020,322,244,0,0,0
144.130,326,244,0,0,1
144.240,328,245,0,0,1
144.370,328,246,0,0,1
144.480,328,246,0,0,1
144.590,328,246,0,0,1
144.710,329,247,0,0,1
144.830,329,248,0,0,1
144.940,330,249,0,0,1
145.070,330,250,0,0,1
145.180,330,251,0,0,1
145.300,331,252,0,0,1
145.410,331,254,0,0,1
145.530,331,255,0,0,1
145.650,331,255,0,0,1
145.770,331,255,0,0,1
145.890,331,255,0,0,1
146.000,330,253,0,0,1
146.110,329,251,0,0,1
146.230,329,250,0,0,1
146.340,327,250,0,0,1
146.460,326,251,0,0,1
146.580,326,252,0,0,1
146.690,326,252,0,0,1
146.810,326,252,0,0,1
146.930,325,252,0,0,1
147.050,326,253,0,0,1
147.160,326,253,0,0,1
147.280,325,252,0,0,1
147.390,325,253,0,0,1
147.510,325,253,0,0,1
147.620,324,252,0,0,1
147.730,324,252,0,0,1
147.850,324,252,0,0,1
147.970,324,251,0,0,1
148.080,324,252,0,0,1
148.190,325,249,0,0,1
148.310,325,246,0,0,1
148.430,328,245,0,0,1
148.540,336,244,0,0,1
148.660,351,245,0,1,0
148.770,359,245,0,1,0
148.880,371,243,0,1,0
149.000,378,241,0,1,0
149.120,385,241,0,1,0
149.230,393,240,0,1,0
149.340,400,240,0,1,0
149.460,412,240,0,1,0
149.570,417,240,0,1,0
149.690,428,240,0,1,0
149.800,441,241,0,1,0
149.920,451,242,0,1,0
150.040,461,244,0,1,0
150.160,469,246,0,1,0
150.260,471,247,0,1,0
150.380,474,247,0,1,0
150.500,474,247,0,1,0
150.620,474,245,0,1,0
150.740,474,245,0,1,0
150.850,473,245,0,1,0
150.960,473,244,0,1,0
151.070,472,245,0,1,0
151.190,473,245,0,1,0
151.310,473,245,0,1,0
151.420,473,245,0,1,0
151.540,472,245,0,1,0
151.660,473,245,0,1,0
151.780,473,245,0,1,0
151.890,472,245,0,1,0
152.000,472,245,0,1,0
152.110,472,245,0,1,0
152.240,472,245,0,1,0
152.350,472,245,0,1,0
152.460,472,246,0,1,0
152.580,473,245,0,1,0
152.700,473,245,0,1,0
152.820,472,245,0,1,0
152.930,472,245,0,1,0
153.040,473,245,0,1,0
153.150,472,245,0,1,0
153.270,472,246,0,1,0
153.380,472,245,0,1,0
153.500,473,245,0,1,0
153.610,472,245,0,1,0
153.730,472,244,0,1,0
153.850,472,246,0,1,0
153.960,472,245,0,1,0
154.080,472,246,0,1,0
154.200,473,244,0,1,0
154.320,472,245,0,1,0
154.430,472,244,0,1,0
154.540,472,245,0,1,0
154.650,471,245,0,1,0
154.780,470,245,0,1,0
154.900,470,244,0,1,0
155.010,470,245,0,1,0
155.130,470,247,0,1,0
155.260,470,247,0,1,0
155.360,469,247,0,1,0
155.480,470,248,0,1,0
155.600,470,249,0,1,0
155.710,470,248,0,1,0
155.820,469,248,0,1,0
155.930,469,248,0,1,0
156.050,470,248,0,1,0
156.160,469,248,0,1,0
156.280,469,248,0,1,0
156.400,470,248,0,1,0
156.520,470,248,0,1,0
156.630,469,248,0,1,0
156.750,469,247,0,1,0
156.870,469,248,0,1,0
156.990,470,248,0,1,0
157.110,470,249,0,1,0
157.220,469,248,0,1,0
157.340,469,248,0,1,0
157.460,469,248,0,1,0
157.580,470,249,0,1,0
157.710,469,248,0,1,0
157.820,469,248,0,1,0
157.940,469,248,0,1,0
158.060,470,248,0,1,0
158.170,469,248,0,1,0
158.290,469,248,0,1,0
158.400,469,248,0,1,0
158.520,470,248,0,1,0
158.630,469,247,0,1,0
158.750,469,248,0,1,0
158.870,469,247,0,1,0
158.980,469,249,0,1,0
159.100,470,248,0,1,0
159.220,470,249,0,1,0
159.330,470,249,0,1,0
159.450,469,249,0,1,0
159.580,469,249,0,1,0
159.700,470,249,0,1,0
159.810,470,249,0,1,0
159.920,470,248,0,1,0
160.050,469,249,0,1,0
160.160,470,249,0,1,0
160.280,470,249,0,1,0
160.390,470,249,0,1,0
160.510,471,249,0,1,0
160.630,471,249,0,1,0
160.740,470,248,0,1,0
160.860,471,247,0,1,0
160.980,471,248,0,1,0
161.100,472,247,0,1,0
161.210,472,248,0,1,0
161.330,472,247,0,1,0
161.450,472,247,0,1,0
161.570,472,247,0,1,0
161.680,472,248,0,1,0
161.800,472,248,0,1,0
161.910,472,248,0,1,0
162.030,472,247,0,1,0
162.150,472,248,0,1,0
162.260,472,248,0,1,0
162.380,472,248,0,1,0
162.500,472,248,0,1,0
162.610,472,248,0,1,0
162.720,472,248,0,1,0
162.830,472,248,0,1,0
162.940,472,247,0,1,0
163.060,472,248,0,1,0
163.180,472,247,0,1,0
163.290,472,246,0,1,0
163.400,472,246,0,1,0
163.520,473,246,0,1,0
163.630,473,246,0,1,0
163.740,473,246,0,1,0
163.870,473,246,0,1,0
163.980,473,246,0,1,0
164.100,473,246,0,1,0
164.220,473,246,0,1,0
164.340,473,246,0,1,0
164.460,473,246,0,1,0
164.580,473,246,0,1,0
164.690,473,246,0,1,0
164.810,473,246,0,1,0
164.920,473,246,0,1,0
165.040,473,246,0,1,0
165.160,473,246,0,1,0
165.270,473,246,0,1,0
165.400,473,245,0,1,0
165.520,473,245,0,1,0
165.650,473,245,0,1,0
165.770,473,246,0,1,0
165.880,472,247,0,1,0
166.000,472,247,0,1,0
166.120,472,247,0,1,0
166.230,472,247,0,1,0
166.340,472,247,0,1,0
166.450,472,247,0,1,0
166.560,472,247,0,1,0
166.680,472,247,0,1,0
166.800,472,247,0,1,0
166.920,472,247,0,1,0
167.040,472,247,0,1,0
167.150,472,247,0,1,0
167.260,472,247,0,1,0
167.370,472,247,0,1,0
167.490,472,247,0,1,0
167.600,472,247,0,1,0
167.720,472,247,0,1,0
167.840,472,248,0,1,0
167.960,472,247,0,1,0
168.090,472,247,0,1,0
168.210,472,247,0,1,0
168.320,472,247,0,1,0
168.430,472,247,0,1,0
168.560,472,247,0,1,0
168.670,472,247,0,1,0
168.780,472,247,0,1,0
168.900,472,247,0,1,0
169.020,472,247,0,1,0
169.140,472,247,0,1,0
169.250,472,247,0,1,0
169.360,472,247,0,1,0
169.480,472,247,0,1,0
169.590,472,247,0,1,0
169.700,472,247,0,1,0
169.820,472,247,0,1,0
169.940,472,247,0,1,0
170.050,472,248,0,1,0
170.180,472,248,0,1,0
170.300,472,248,0,1,0
170.410,472,247,0,1,0
170.540,472,247,0,1,0
170.650,471,247,0,1,0
170.770,471,246,0,1,0
170.880,471,247,0,1,0
171.000,471,247,0,1,0
171.120,471,247,0,1,0
171.230,471,247,0,1,0
171.340,471,247,0,1,0
171.460,471,247,0,1,0
171.570,471,247,0,1,0
171.690,471,247,0,1,0
171.810,471,247,0,1,0
171.910,471,247,0,1,0
172.030,471,247,0,1,0
172.160,471,247,0,1,0
172.290,471,247,0,1,0
172.400,470,246,0,1,0
172.520,470,245,0,1,0
172.640,469,245,0,1,0
172.750,468,244,0,1,0
172.870,467,244,0,1,0
172.990,467,244,0,1,0
173.110,467,245,0,1,0
173.220,467,245,0,1,0
173.340,467,244,0,1,0
173.470,467,244,0,1,0
173.580,467,245,0,1,0
173.690,467,244,0,1,0
173.810,467,245,0,1,0
173.920,467,244,0,1,0
174.030,468,245,0,1,0
174.160,468,246,0,1,0
174.270,469,247,0,1,0
174.390,470,247,0,1,0
174.510,470,247,0,1,0
174.630,470,247,0,1,0
174.740,471,248,0,1,0
174.860,471,247,0,1,0
174.980,471,246,0,1,0
175.100,471,247,0,1,0
175.210,471,247,0,1,0
175.340,472,246,0,1,0
175.450,472,247,0,1,0
175.560,472,246,0,1,0
175.680,472,246,0,1,0
175.790,473,246,0,1,0
175.900,473,246,0,1,0
176.010,473,247,0,1,0
176.130,473,247,0,1,0
176.240,472,246,0,1,0
176.360,473,247,0,1,0
176.480,472,247,0,1,0
176.600,473,247,0,1,0
176.720,472,246,0,1,0
176.840,473,246,0,1,0
176.960,474,246,0,1,0
177.080,474,246,0,1,0
177.200,474,246,0,1,0
177.310,475,246,0,1,0
177.420,476,247,0,1,0
177.540,476,247,0,1,0
177.650,476,248,0,1,0
177.760,477,248,0,1,0
177.880,477,248,0,1,0
177.990,477,248,0,1,0
178.120,477,248,0,1,0
178.240,477,247,0,1,0
178.360,477,247,0,1,0
178.470,477,248,0,1,0
178.590,477,248,0,1,0
178.720,476,247,0,1,0
178.840,476,247,0,1,0
178.960,474,247,0,1,0
179.080,473,246,0,1,0
179.190,472,245,0,1,0
179.310,473,245,0,1,0
179.420,473,245,0,1,0
179.540,473,246,0,1,0
179.660,473,248,0,1,0
179.780,473,249,0,1,0
179.890,472,249,0,1,0
180.010,471,250,0,1,0
180.130,470,250,0,1,0
180.250,470,251,0,1,0
180.360,470,250,0,1,0
180.480,470,250,0,1,0
180.610,469,250,0,1,0
180.730,469,250,0,1,0
180.840,469,250,0,1,0
180.960,469,251,0,1,0
181.070,469,251,0,1,0
181.180,469,250,0,1,0
181.290,469,250,0,1,0
181.420,469,250,0,1,0
181.530,469,250,0,1,0
181.650,468,250,0,1,0
181.760,468,251,0,1,0
181.870,468,250,0,1,0
181.990,467,250,0,1,0
182.090,467,250,0,1,0
182.200,468,250,0,1,0
182.320,468,250,0,1,0
182.430,467,250,0,1,0
182.540,468,250,0,1,0
182.660,468,250,0,1,0
182.780,467,250,0,1,0
182.900,468,250,0,1,0
183.010,467,250,0,1,0
183.130,467,250,0,1,0
183.240,468,249,0,1,0
183.370,468,250,0,1,0
183.490,468,250,0,1,0
183.610,467,250,0,1,0
183.720,468,250,0,1,0
183.840,468,250,0,1,0
183.960,468,250,0,1,0
184.080,468,250,0,1,0
184.200,468,250,0,1,0
184.320,468,250,0,1,0
184.440,468,250,0,1,0
184.550,468,250,0,1,0
184.660,469,249,0,1,0
184.770,469,249,0,1,0
184.890,469,249,0,1,0
185.010,469,249,0,1,0
185.120,468,249,0,1,0
185.230,467,249,0,1,0
185.350,466,247,0,1,0
185.470,466,248,0,1,0
185.590,465,247,0,1,0
185.700,464,245,0,1,0
185.800,465,245,0,1,0
185.910,464,245,0,1,0
186.030,464,245,0,1,0
186.150,464,244,0,1,0
186.270,463,244,0,1,0
186.390,463,244,0,1,0
186.500,463,245,0,1,0
186.640,462,244,0,1,0
186.740,463,245,0,1,0
186.860,461,244,0,1,0
186.980,464,244,0,1,0
187.090,464,245,0,1,0
187.210,463,244,0,1,0
187.320,463,244,0,1,0
187.440,462,244,0,1,0
187.560,457,244,0,1,0
187.670,457,244,0,1,0
187.790,457,244,0,1,0
187.900,457,244,0,1,0
188.020,457,244,0,1,0
188.140,457,244,0,1,0
188.250,459,244,0,1,0
188.370,458,246,0,1,0
188.490,454,246,0,1,0
188.600,451,246,0,1,0
188.720,449,248,0,1,0
188.830,445,249,0,1,0
188.950,440,250,0,1,0
189.070,439,251,0,1,0
189.190,437,251,0,1,0
189.300,437,251,0,1,0
189.420,441,251,0,1,0
189.540,441,250,0,1,0
189.650,441,249,0,1,0
189.760,444,250,0,1,0
189.870,447,251,0,1,0
189.990,448,251,0,1,0
190.100,447,251,0,1,0
190.220,446,251,0,1,0
190.340,446,250,0,1,0
190.450,448,250,0,1,0
190.570,447,250,0,1,0
190.680,445,250,0,1,0
190.790,446,249,0,1,0
190.910,446,250,0,1,0
191.030,447,249,0,1,0
191.140,445,250,0,1,0
191.260,445,250,0,1,0
191.360,443,251,0,1,0
191.480,439,251,0,1,0
191.590,436,251,0,1,0
191.700,429,251,0,1,0
191.820,427,251,0,1,0
191.930,425,251,0,1,0
192.050,425,250,0,1,0
192.150,425,250,0,1,0
192.260,424,249,0,1,0
192.380,423,249,0,1,0
192.490,423,250,0,1,0
192.610,424,250,0,1,0
192.720,424,250,0,1,0
192.840,424,250,0,1,0
192.960,424,250,0,1,0
193.090,424,249,0,1,0
193.200,423,249,0,1,0
193.320,424,249,0,1,0
193.430,424,250,0,1,0
193.540,424,250,0,1,0
193.650,424,250,0,1,0
193.770,424,249,0,1,0
193.880,424,250,0,1,0
193.990,423,251,0,1,0
194.110,421,251,0,1,0
194.230,419,251,0,1,0
194.350,416,251,0,1,0
194.460,412,251,0,1,0
194.580,407,250,0,1,0
194.700,402,250,0,1,0
194.810,399,249,0,1,0
194.930,394,248,0,1,0
195.040,391,248,0,1,0
195.150,386,246,0,1,0
195.270,384,246,0,1,0
195.400,379,246,0,1,0
195.510,375,246,0,1,0
195.620,368,245,0,1,0
195.740,363,245,0,1,0
195.860,361,245,0,1,0
195.980,360,245,0,1,0
196.100,361,245,0,1,0
196.210,360,245,0,1,0
196.340,361,245,0,1,0
196.460,361,245,0,1,0
196.580,360,245,0,1,0
196.710,360,245,0,1,0
196.820,360,245,0,1,0
196.920,361,245,0,1,0
197.050,358,246,0,1,0
197.160,356,246,0,1,0
197.280,355,246,0,1,0
197.400,354,246,0,1,0
197.510,354,246,0,1,0
197.630,354,246,0,1,0
197.740,354,246,0,1,0
197.860,354,246,0,1,0
197.980,353,246,0,1,0
198.100,353,246,0,1,0
198.210,353,246,0,1,0
198.330,353,246,0,1,0
198.450,353,246,0,1,0
198.570,353,246,0,1,0
198.680,355,246,0,1,0
198.800,355,246,0,1,0
198.920,353,247,0,1,0
199.030,352,248,0,1,0
199.140,351,249,0,1,0
199.260,351,249,0,1,0
199.380,351,250,0,1,0
199.480,350,250,0,1,0
199.600,350,250,0,1,0
199.710,350,250,0,1,0
199.830,350,250,0,1,0
199.940,350,250,0,1,0
200.060,350,250,0,1,0
200.170,350,250,0,1,0
200.280,351,250,0,1,0
200.400,350,250,0,1,0
200.510,349,250,0,1,0
200.630,347,251,0,1,0
200.750,348,252,0,1,0
200.870,348,252,0,1,0
200.980,347,252,0,1,0
201.090,347,251,0,1,0
201.210,346,252,0,1,0
201.330,345,252,0,1,0
201.440,346,252,0,1,0
201.550,348,251,0,1,0
201.670,349,250,0,1,0
201.790,343,248,0,0,0
201.900,341,249,0,0,0
202.010,337,249,0,0,0
202.130,334,247,0,0,1
202.250,332,246,0,0,1
202.370,333,247,0,0,1
202.490,333,245,0,0,1
202.610,334,243,0,0,1
202.730,334,242,0,0,0
202.850,334,242,0,0,0
202.960,334,242,0,0,0
203.080,334,241,0,0,0
203.200,334,240,0,0,0
203.330,334,237,0,0,0
203.430,334,230,1,0,0
203.540,334,223,1,0,0
203.650,334,218,1,0,0
203.770,335,212,1,0,0
203.890,335,207,1,0,0
204.010,335,203,1,0,0
204.120,336,199,1,0,0
204.240,336,196,1,0,0
204.360,336,197,1,0,0
204.470,336,197,1,0,0
204.580,336,197,1,0,0
204.710,336,197,1,0,0
204.830,336,197,1,0,0
204.950,336,197,1,0,0
205.060,335,196,1,0,0
205.180,335,192,1,0,0
205.290,335,185,1,0,0
205.400,335,176,1,0,0
205.510,335,167,1,0,0
205.630,335,162,1,0,0
205.740,334,155,1,0,0
205.850,333,150,1,0,0
205.970,334,149,1,0,0
206.080,334,147,1,0,0
206.190,334,144,1,0,0
206.310,333,140,1,0,0
206.430,332,138,1,0,0
206.560,332,135,1,0,0
206.670,331,133,1,0,0
206.780,331,130,1,0,0
206.890,332,129,1,0,0
207.020,333,127,1,0,0
207.130,332,120,1,0,0
207.240,333,111,1,0,0
207.360,333,107,1,0,0
207.480,332,105,1,0,0
207.590,332,104,1,0,0
207.710,332,104,1,0,0
207.830,332,104,1,0,0
207.930,331,106,1,0,0
208.060,332,104,1,0,0
208.180,331,103,1,0,0
208.290,331,103,1,0,0
208.410,331,104,1,0,0
208.540,331,103,1,0,0
208.660,331,105,1,0,0
208.770,332,105,1,0,0
208.890,332,106,1,0,0
209.000,333,104,1,0,0
209.110,334,103,1,0,0
209.230,334,104,1,0,0
209.340,334,103,1,0,0
209.450,333,106,1,0,0
209.570,334,104,1,0,0
209.690,333,105,1,0,0
209.810,334,106,1,0,0
209.930,332,108,1,0,0
210.040,332,106,1,0,0
210.160,332,106,1,0,0
210.270,332,105,1,0,0
210.380,332,105,1,0,0
210.500,332,106,1,0,0
210.620,331,106,1,0,0
210.730,330,107,1,0,0
210.840,331,108,1,0,0
210.960,332,110,1,0,0
211.080,332,112,1,0,0
211.190,334,114,1,0,0
211.310,335,118,1,0,0
211.430,336,120,1,0,0
211.550,337,124,1,0,0
211.670,336,126,1,0,0
211.790,336,127,1,0,0
211.900,335,129,1,0,0
212.020,334,138,1,0,0
212.140,334,150,1,0,0
212.260,332,154,1,0,0
212.370,332,154,1,0,0
212.480,332,152,1,0,0
212.610,332,151,1,0,0
212.730,331,151,1,0,0
212.850,331,151,1,0,0
212.960,331,150,1,0,0
213.080,331,150,1,0,0
213.190,331,150,1,0,0
213.310,331,150,1,0,0
213.430,331,150,1,0,0
213.550,331,149,1,0,0
213.660,332,148,1,0,0
213.770,333,148,1,0,0
213.890,334,147,1,0,0
214.010,335,148,1,0,0
214.130,336,152,1,0,0
214.250,336,157,1,0,0
214.370,336,163,1,0,0
214.480,336,173,1,0,0
214.590,336,183,1,0,0
214.710,335,193,1,0,0
214.820,335,208,1,0,0
214.940,336,220,1,0,0
215.040,336,223,1,0,0
215.160,339,231,1,0,0
215.280,345,238,0,0,0
215.390,356,240,0,1,0
215.500,366,242,0,1,0
215.610,375,243,0,1,0
215.730,388,244,0,1,0
215.840,405,245,0,1,0
215.950,414,244,0,1,0
216.060,420,243,0,1,0
216.170,435,243,0,1,0
216.280,440,241,0,1,0
216.400,452,241,0,1,0
216.520,459,242,0,1,0
216.640,466,245,0,1,0
216.750,467,245,0,1,0
216.870,467,244,0,1,0
216.990,468,245,0,1,0
217.100,468,244,0,1,0
217.210,468,244,0,1,0
217.330,468,244,0,1,0
217.450,468,244,0,1,0
217.570,467,244,0,1,0
217.690,466,243,0,1,0
217.810,465,245,0,1,0
217.940,464,243,0,1,0
218.060,461,244,0,1,0
218.180,461,243,0,1,0
218.290,459,243,0,1,0
218.410,458,243,0,1,0
218.530,458,243,0,1,0
218.640,461,245,0,1,0
218.750,461,244,0,1,0
218.870,460,244,0,1,0
218.980,460,244,0,1,0
219.100,460,244,0,1,0
219.220,459,244,0,1,0
219.330,457,245,0,1,0
219.460,457,245,0,1,0
219.580,457,245,0,1,0
219.700,459,244,0,1,0
219.820,457,245,0,1,0
219.940,458,245,0,1,0
220.060,459,244,0,1,0
220.170,459,244,0,1,0
220.290,457,245,0,1,0
220.390,457,245,0,1,0
220.500,458,245,0,1,0
220.620,459,244,0,1,0
220.740,461,244,0,1,0
220.860,457,245,0,1,0
220.970,458,245,0,1,0
221.090,458,246,0,1,0
221.210,458,245,0,1,0
221.330,457,246,0,1,0
221.440,459,244,0,1,0
221.550,460,244,0,1,0
221.670,456,245,0,1,0
221.790,457,245,0,1,0
221.910,457,245,0,1,0
222.020,456,245,0,1,0
222.150,458,244,0,1,0
222.270,456,245,0,1,0
222.370,459,244,0,1,0
222.490,458,244,0,1,0
222.600,456,245,0,1,0
222.710,457,245,0,1,0
222.830,458,244,0,1,0
222.950,457,245,0,1,0
223.060,457,244,0,1,0
223.180,458,244,0,1,0
223.310,456,246,0,1,0
223.420,456,245,0,1,0
223.540,457,245,0,1,0
223.660,456,245,0,1,0
223.770,459,244,0,1,0
223.890,458,244,0,1,0
224.000,458,244,0,1,0
224.120,458,244,0,1,0
224.240,456,245,0,1,0
224.350,456,245,0,1,0
224.470,456,245,0,1,0
224.590,458,244,0,1,0
224.700,456,245,0,1,0
224.820,457,245,0,1,0
224.940,458,244,0,1,0
225.060,457,245,0,1,0
225.170,457,244,0,1,0
225.290,456,245,0,1,0
225.410,458,245,0,1,0
225.540,456,245,0,1,0
225.660,457,244,0,1,0
225.770,458,244,0,1,0
225.890,459,244,0,1,0
226.000,460,244,0,1,0
226.130,457,245,0,1,0
226.240,460,244,0,1,0
226.350,457,245,0,1,0
226.460,458,246,0,1,0
226.580,461,244,0,1,0
226.700,458,246,0,1,0
226.800,458,246,0,1,0
226.910,458,245,0,1,0
227.040,460,245,0,1,0
227.150,457,246,0,1,0
227.270,458,246,0,1,0
227.390,462,244,0,1,0
227.510,463,244,0,1,0
227.630,458,245,0,1,0
227.740,459,245,0,1,0
227.860,460,245,0,1,0
227.980,465,245,0,1,0
228.090,466,244,0,1,0
228.210,468,243,0,1,0
228.330,465,243,0,1,0
228.450,467,244,0,1,0
228.560,467,243,0,1,0
228.680,466,243,0,1,0
228.790,466,243,0,1,0
228.910,466,244,0,1,0
229.030,466,243,0,1,0
229.140,466,244,0,1,0
229.260,467,243,0,1,0
229.380,466,243,0,1,0
229.480,466,244,0,1,0
229.600,465,244,0,1,0
229.720,464,244,0,1,0
229.840,462,244,0,1,0
229.960,462,244,0,1,0
230.080,463,244,0,1,0
230.190,466,244,0,1,0
230.310,465,243,0,1,0
230.420,464,245,0,1,0
230.540,459,244,0,1,0
230.660,458,246,0,1,0
230.770,458,246,0,1,0
230.880,460,246,0,1,0
230.990,462,245,0,1,0
231.120,462,245,0,1,0
231.230,461,246,0,1,0
231.340,461,245,0,1,0
231.460,461,246,0,1,0
231.570,463,245,0,1,0
231.680,461,246,0,1,0
231.790,463,245,0,1,0
231.910,463,245,0,1,0
232.020,461,245,0,1,0
232.130,463,245,0,1,0
232.250,462,244,0,1,0
232.370,461,246,0,1,0
232.480,461,245,0,1,0
232.610,461,246,0,1,0
232.730,461,246,0,1,0
232.840,463,245,0,1,0
232.960,462,245,0,1,0
233.070,461,246,0,1,0
233.200,461,246,0,1,0
233.310,463,244,0,1,0
233.430,461,246,0,1,0
233.550,463,245,0,1,0
233.670,463,245,0,1,0
233.790,461,246,0,1,0
233.910,461,246,0,1,0
234.020,462,245,0,1,0
234.140,462,244,0,1,0
234.250,461,246,0,1,0
234.360,461,246,0,1,0
234.480,461,246,0,1,0
234.600,462,245,0,1,0
234.720,461,246,0,1,0
234.840,462,244,0,1,0
234.960,461,245,0,1,0
235.080,461,246,0,1,0
235.200,461,246,0,1,0
235.310,462,244,0,1,0
235.420,461,246,0,1,0
235.530,463,246,0,1,0
235.640,463,245,0,1,0
235.760,461,245,0,1,0
235.870,463,246,0,1,0
235.990,463,245,0,1,0
236.120,461,246,0,1,0
236.230,461,246,0,1,0
236.350,461,246,0,1,0
236.470,462,244,0,1,0
236.580,461,246,0,1,0
236.700,463,245,0,1,0
236.810,461,245,0,1,0
236.930,463,246,0,1,0
237.040,462,245,0,1,0
237.160,461,246,0,1,0
237.270,461,246,0,1,0
237.380,462,245,0,1,0
237.490,462,245,0,1,0
237.620,461,245,0,1,0
237.760,463,245,0,1,0
237.870,461,246,0,1,0
237.990,461,246,0,1,0
238.110,462,245,0,1,0
238.230,462,245,0,1,0
238.350,462,244,0,1,0
238.460,462,246,0,1,0
238.580,461,246,0,1,0
238.700,462,245,0,1,0
238.810,462,245,0,1,0
238.920,463,245,0,1,0
239.040,461,246,0,1,0
239.160,461,245,0,1,0
239.270,463,245,0,1,0
239.380,461,246,0,1,0
239.500,462,246,0,1,0
239.620,462,245,0,1,0
239.750,462,245,0,1,0
239.860,460,247,0,1,0
239.980,459,247,0,1,0
240.090,460,246,0,1,0
240.210,463,245,0,1,0
240.330,461,245,0,1,0
240.450,460,245,0,1,0
240.560,458,245,0,1,0
240.680,458,246,0,1,0
240.800,460,245,0,1,0
240.910,459,246,0,1,0
241.030,460,246,0,1,0
241.150,460,246,0,1,0
241.270,459,247,0,1,0
241.380,461,246,0,1,0
241.500,459,247,0,1,0
241.620,459,247,0,1,0
241.730,460,246,0,1,0
241.850,460,246,0,1,0
241.970,459,247,0,1,0
242.090,459,247,0,1,0
242.200,459,247,0,1,0
242.310,460,246,0,1,0
242.430,459,247,0,1,0
242.540,459,247,0,1,0
242.660,459,247,0,1,0
242.780,461,245,0,1,0
242.900,460,246,0,1,0
243.010,461,245,0,1,0
243.130,460,246,0,1,0
243.240,460,245,0,1,0
243.350,460,246,0,1,0
243.470,459,247,0,1,0
243.580,459,247,0,1,0
243.710,459,247,0,1,0
243.820,460,246,0,1,0
243.940,461,246,0,1,0
244.060,460,247,0,1,0
244.170,459,247,0,1,0
244.290,460,246,0,1,0
244.410,461,245,0,1,0
244.520,459,247,0,1,0
244.650,461,246,0,1,0
244.770,460,246,0,1,0
244.890,459,247,0,1,0
245.010,460,247,0,1,0
245.130,459,247,0,1,0
245.240,459,247,0,1,0
245.360,459,247,0,1,0
245.470,459,247,0,1,0
245.600,461,246,0,1,0
245.720,461,246,0,1,0
245.840,460,247,0,1,0
245.960,459,247,0,1,0
246.070,460,247,0,1,0
246.190,460,246,0,1,0
246.300,461,246,0,1,0
246.410,460,246,0,1,0
246.530,459,247,0,1,0
246.650,459,247,0,1,0
246.770,461,246,0,1,0
246.880,459,247,0,1,0
247.000,462,246,0,1,0
247.110,462,246,0,1,0
247.220,462,246,0,1,0
247.340,464,246,0,1,0
247.450,461,245,0,1,0
247.570,461,245,0,1,0
247.680,464,246,0,1,0
247.790,467,246,0,1,0
247.910,467,245,0,1,0
248.020,467,245,0,1,0
248.140,467,246,0,1,0
248.260,466,246,0,1,0
248.370,467,246,0,1,0
248.480,466,246,0,1,0
248.590,467,246,0,1,0
248.710,466,246,0,1,0
248.820,466,246,0,1,0
248.940,466,246,0,1,0
249.050,467,245,0,1,0
249.160,468,247,0,1,0
249.280,470,250,0,1,0
249.400,472,251,0,1,0
249.510,473,248,0,1,0
249.620,474,248,0,1,0
249.740,474,248,0,1,0
249.850,474,248,0,1,0
249.960,474,249,0,1,0
250.080,474,249,0,1,0
250.190,474,249,0,1,0
250.300,474,248,0,1,0
250.420,474,248,0,1,0
250.530,474,247,0,1,0
250.650,474,247,0,1,0
250.760,474,248,0,1,0
250.870,474,248,0,1,0
250.980,474,248,0,1,0
251.100,474,248,0,1,0
251.220,474,248,0,1,0
251.340,474,247,0,1,0
251.460,474,247,0,1,0
251.570,474,247,0,1,0
251.690,474,247,0,1,0
251.810,474,246,0,1,0
251.920,474,247,0,1,0
252.050,474,246,0,1,0
252.160,475,245,0,1,0
252.290,474,246,0,1,0
252.420,474,246,0,1,0
252.540,474,247,0,1,0
252.650,474,247,0,1,0
252.760,474,247,0,1,0
252.870,475,246,0,1,0
253.000,475,246,0,1,0
253.120,474,247,0,1,0
253.220,475,247,0,1,0
253.340,475,247,0,1,0
253.460,475,247,0,1,0
253.580,475,247,0,1,0
253.700,475,247,0,1,0
253.800,475,247,0,1,0
253.920,474,246,0,1,0
254.030,474,246,0,1,0
254.150,473,246,0,1,0
254.260,473,246,0,1,0
254.380,473,246,0,1,0
254.490,473,246,0,1,0
254.620,472,246,0,1,0
254.730,473,246,0,1,0
254.860,472,246,0,1,0
254.970,473,246,0,1,0
255.090,473,246,0,1,0
255.210,473,246,0,1,0
255.330,473,246,0,1,0
255.450,473,245,0,1,0
255.560,472,246,0,1,0
255.670,472,247,0,1,0
255.790,471,247,0,1,0
255.910,471,247,0,1,0
256.020,472,247,0,1,0
256.140,472,247,0,1,0
256.260,472,247,0,1,0
256.370,473,247,0,1,0
256.490,473,248,0,1,0
256.610,473,248,0,1,0
256.720,473,248,0,1,0
256.840,476,249,0,1,0
256.960,476,249,0,1,0
257.090,476,249,0,1,0
257.200,474,248,0,1,0
257.320,472,247,0,1,0
257.430,470,247,0,1,0
257.540,467,246,0,1,0
257.650,465,246,0,1,0
257.770,464,247,0,1,0
257.890,464,248,0,1,0
258.000,464,247,0,1,0
258.110,463,247,0,1,0
258.220,463,247,0,1,0
258.340,465,247,0,1,0
258.450,464,247,0,1,0
258.580,464,247,0,1,0
258.690,465,247,0,1,0
258.810,464,247,0,1,0
258.920,463,247,0,1,0
259.030,463,247,0,1,0
259.150,465,246,0,1,0
259.250,465,246,0,1,0
259.370,463,245,0,1,0
259.490,465,244,0,1,0
259.600,463,244,0,1,0
259.720,465,245,0,1,0
259.840,466,246,0,1,0
259.960,464,245,0,1,0
260.070,463,245,0,1,0
260.180,466,245,0,1,0
260.300,464,245,0,1,0
260.410,463,245,0,1,0
260.530,460,246,0,1,0
260.650,459,245,0,1,0
260.780,458,245,0,1,0
260.890,457,245,0,1,0
261.000,457,245,0,1,0
261.110,460,245,0,1,0
261.230,460,244,0,1,0
261.340,457,246,0,1,0
261.460,457,247,0,1,0
261.580,457,246,0,1,0
261.700,458,247,0,1,0
261.820,458,246,0,1,0
261.930,458,246,0,1,0
262.040,458,247,0,1,0
262.170,460,245,0,1,0
262.290,460,245,0,1,0
262.410,457,246,0,1,0
262.540,458,247,0,1,0
262.650,459,246,0,1,0
262.770,458,246,0,1,0
262.880,459,245,0,1,0
262.990,459,246,0,1,0
263.110,460,247,0,1,0
263.240,461,245,0,1,0
263.360,460,245,0,1,0
263.470,461,245,0,1,0
263.590,459,245,0,1,0
263.710,460,245,0,1,0
263.820,458,246,0,1,0
263.940,459,246,0,1,0
264.060,458,247,0,1,0
264.180,460,245,0,1,0
264.290,460,245,0,1,0
264.410,459,247,0,1,0
264.530,458,246,0,1,0
264.650,460,245,0,1,0
264.760,458,247,0,1,0
264.880,458,247,0,1,0
264.990,460,245,0,1,0
265.110,459,246,0,1,0
265.230,458,247,0,1,0
265.360,459,245,0,1,0
265.480,458,247,0,1,0
265.590,459,245,0,1,0
265.710,458,247,0,1,0
265.820,460,245,0,1,0
265.940,460,245,0,1,0
266.070,458,247,0,1,0
266.180,457,246,0,1,0
266.310,459,246,0,1,0
266.430,460,246,0,1,0
266.540,458,247,0,1,0
266.660,457,246,0,1,0
266.780,458,246,0,1,0
266.890,460,246,0,1,0
267.000,460,245,0,1,0
267.120,460,246,0,1,0
267.240,460,245,0,1,0
267.350,460,246,0,1,0
267.460,457,246,0,1,0
267.580,458,247,0,1,0
267.700,458,247,0,1,0
267.810,460,245,0,1,0
267.920,458,247,0,1,0
268.040,458,247,0,1,0
268.150,459,245,0,1,0
268.270,460,246,0,1,0
268.390,460,246,0,1,0
268.500,458,247,0,1,0
268.610,457,247,0,1,0
268.720,458,247,0,1,0
268.850,458,246,0,1,0
268.960,460,245,0,1,0
269.080,460,245,0,1,0
269.200,458,246,0,1,0
269.310,460,246,0,1,0
269.420,458,246,0,1,0
269.530,461,246,0,1,0
269.650,459,245,0,1,0
269.760,456,244,0,1,0
269.870,454,245,0,1,0
270.000,452,246,0,1,0
270.120,447,247,0,1,0
270.230,446,246,0,1,0
270.350,445,246,0,1,0
270.470,445,247,0,1,0
270.580,443,247,0,1,0
270.690,444,247,0,1,0
270.810,444,247,0,1,0
270.930,444,247,0,1,0
271.050,444,247,0,1,0
271.170,444,247,0,1,0
271.290,445,247,0,1,0
271.400,444,247,0,1,0
271.510,440,245,0,1,0
271.640,436,246,0,1,0
271.750,437,246,0,1,0
271.860,438,246,0,1,0
271.970,439,247,0,1,0
272.090,437,247,0,1,0
272.210,434,246,0,1,0
272.330,432,244,0,1,0
272.450,431,244,0,1,0
272.570,429,244,0,1,0
272.690,429,245,0,1,0
272.810,429,244,0,1,0
272.920,430,244,0,1,0
273.040,430,243,0,1,0
273.160,430,243,0,1,0
273.260,430,243,0,1,0
273.380,430,243,0,1,0
273.500,429,243,0,1,0
273.620,428,243,0,1,0
273.740,428,243,0,1,0
273.850,428,243,0,1,0
273.970,429,243,0,1,0
274.080,428,243,0,1,0
274.200,430,244,0,1,0
274.320,428,244,0,1,0
274.430,428,244,0,1,0
274.550,428,244,0,1,0
274.670,428,244,0,1,0
274.780,427,243,0,1,0
274.900,422,243,0,1,0
275.010,420,244,0,1,0
275.130,418,243,0,1,0
275.240,415,243,0,1,0
275.360,403,242,0,1,0
275.470,403,242,0,1,0
275.590,404,242,0,1,0
275.710,405,243,0,1,0
275.820,402,245,0,1,0
275.940,398,246,0,1,0
276.050,394,246,0,1,0
276.160,392,248,0,1,0
276.270,390,248,0,1,0
276.390,386,249,0,1,0
276.510,386,250,0,1,0
276.620,384,250,0,1,0
276.730,384,250,0,1,0
276.850,384,250,0,1,0
276.960,384,250,0,1,0
277.080,383,250,0,1,0
277.190,383,250,0,1,0
277.310,382,250,0,1,0
277.440,375,248,0,1,0
277.560,366,249,0,1,0
277.680,363,249,0,1,0
277.800,362,249,0,1,0
277.920,362,248,0,1,0
278.040,362,249,0,1,0
278.160,362,248,0,1,0
278.280,361,248,0,1,0
278.380,362,248,0,1,0
278.500,359,247,0,1,0
278.620,358,247,0,1,0
278.730,357,247,0,1,0
278.850,357,247,0,1,0
278.960,357,247,0,1,0
279.080,357,247,0,1,0
279.200,356,248,0,1,0
279.320,352,249,0,1,0
279.430,349,248,0,1,0
279.560,347,249,0,1,0
279.680,345,250,0,0,0
279.800,343,250,0,0,0
279.910,341,249,0,0,0
280.030,335,249,0,0,0
280.150,328,249,0,0,1
280.270,314,250,0,0,0
280.390,300,250,0,1,0
280.500,288,250,0,1,0
280.620,272,251,0,1,0
280.740,261,251,0,1,0
280.860,251,251,0,1,0
280.970,247,251,0,1,0
281.080,249,250,0,1,0
281.200,250,250,0,1,0
281.320,252,250,0,1,0
281.420,254,249,0,1,0
281.530,256,249,0,1,0
281.640,257,249,0,1,0
281.760,258,251,0,1,0
281.880,260,251,0,1,0
282.000,257,251,0,1,0
282.110,255,251,0,1,0
282.220,255,249,0,1,0
282.340,252,249,0,1,0
282.450,249,249,0,1,0
282.560,244,248,0,1,0
282.680,238,245,0,1,0
282.790,231,245,0,1,0
282.920,222,244,0,1,0
283.040,216,244,0,1,0
283.150,208,244,0,1,0
283.270,206,243,0,1,0
283.380,210,243,0,1,0
283.510,210,243,0,1,0
283.620,210,244,0,1,0
283.730,207,245,0,1,0
283.850,202,246,0,1,0
283.970,200,247,0,1,0
284.080,200,247,0,1,0
284.210,200,247,0,1,0
284.320,198,247,0,1,0
284.450,197,248,0,1,0
284.570,197,247,0,1,0
284.700,197,247,0,1,0
284.810,197,247,0,1,0
284.930,197,246,0,1,0
285.040,196,246,0,1,0
285.160,196,246,0,1,0
285.280,196,246,0,1,0
285.390,196,247,0,1,0
285.500,196,246,0,1,0
285.630,195,246,0,1,0
285.760,196,246,0,1,0
285.870,196,246,0,1,0
285.990,196,246,0,1,0
286.110,197,246,0,1,0
286.240,199,247,0,1,0
286.360,201,248,0,1,0
286.480,202,248,0,1,0
286.600,203,249,0,1,0
286.710,202,249,0,1,0
286.820,201,249,0,1,0
286.940,201,248,0,1,0
287.050,201,249,0,1,0
287.170,201,249,0,1,0
287.270,199,249,0,1,0
287.400,199,249,0,1,0
287.510,199,249,0,1,0
287.620,199,249,0,1,0
287.730,200,250,0,1,0
287.840,199,251,0,1,0
287.970,199,249,0,1,0
288.080,197,249,0,1,0
288.200,197,249,0,1,0
288.320,197,249,0,1,0
288.420,197,249,0,1,0
288.540,197,248,0,1,0
288.650,197,249,0,1,0
288.770,198,248,0,1,0
288.870,199,248,0,1,0
288.980,201,248,0,1,0
289.090,204,247,0,1,0
289.210,206,246,0,1,0
289.320,208,246,0,1,0
289.440,215,246,0,1,0
289.550,222,246,0,1,0
289.670,224,248,0,1,0
289.790,226,246,0,1,0
289.910,224,246,0,1,0
290.020,227,248,0,1,0
290.140,226,247,0,1,0
290.250,229,247,0,1,0
290.370,228,246,0,1,0
290.490,226,245,0,1,0
290.630,218,244,0,1,0
290.780,223,244,0,1,0
290.890,220,244,0,1,0
291.010,221,245,0,1,0
291.140,219,244,0,1,0
291.260,220,244,0,1,0
291.570,227,245,0,1,0
291.680,236,243,0,1,0
291.800,240,242,0,1,0
291.920,242,240,0,1,0
292.030,246,240,0,1,0
292.150,250,241,0,1,0
292.270,252,240,0,1,0
292.380,255,241,0,1,0
292.500,259,241,0,1,0
292.620,269,241,0,1,0
292.740,275,241,0,1,0
292.850,280,241,0,1,0
292.970,283,240,0,1,0
293.090,288,241,0,1,0
293.200,292,240,0,1,0
293.320,293,241,0,1,0
293.430,294,241,0,1,0
293.550,294,241,0,1,0
293.680,295,241,0,1,0
293.790,295,241,0,1,0
293.910,295,241,0,1,0
294.030,295,241,0,1,0
294.140,295,241,0,1,0
294.260,296,241,0,1,0
294.370,293,241,0,1,0
294.470,294,241,0,1,0
294.580,294,241,0,1,0
294.690,292,241,0,1,0
294.810,296,241,0,1,0
294.920,303,241,0,1,0
295.040,309,240,0,1,0
295.160,312,240,0,1,0
295.280,312,240,0,1,0
295.390,313,240,0,1,0
295.510,312,240,0,1,0
295.630,311,240,0,1,0
295.750,312,240,0,1,0
295.860,312,240,0,1,0
295.970,313,240,0,1,0
296.080,314,239,0,0,0
296.200,314,239,0,0,0
296.320,315,239,0,0,0
296.440,314,239,0,0,0
296.560,315,239,0,0,0
296.680,317,239,0,0,0
296.800,316,240,0,0,0
296.910,316,241,0,0,0
297.030,322,241,0,0,0
297.150,326,241,0,0,1
297.270,329,241,0,0,1
297.380,332,243,0,0,1
297.500,336,243,0,0,1
297.620,338,243,0,0,0
297.730,339,244,0,0,0
297.850,340,245,0,0,0
297.960,340,245,0,0,0
298.070,339,246,0,0,0
298.190,339,246,0,0,0
298.300,338,247,0,0,0
298.420,338,249,0,0,0
298.530,337,249,0,0,1
298.650,338,250,0,0,1
298.770,338,250,0,0,1
298.890,338,249,0,0,1
299.000,337,249,0,0,1
299.120,337,248,0,0,1
299.240,338,248,0,0,1
299.350,338,246,0,0,1
299.460,337,246,0,0,1
299.580,339,246,0,0,0
299.700,344,247,0,0,0
299.810,350,246,0,1,0
299.940,353,246,0,1,0
