Time,Centre position X,Centre position Y,In Brazo Abierto,In Brazo Cerrado,In centro+
0.000,,,1,0,0
0.230,289,255,1,0,0
0.350,290,254,1,0,0
0.470,290,254,1,0,0
0.590,290,254,1,0,0
0.710,290,254,1,0,0
0.830,290,253,1,0,0
0.960,290,253,1,0,0
1.070,291,254,1,0,0
1.190,292,257,1,0,0
1.310,290,258,1,0,0
1.430,289,261,1,0,0
1.540,287,265,1,0,0
1.660,287,266,1,0,0
1.780,286,266,1,0,0
1.890,286,268,1,0,0
2.000,285,268,1,0,0
2.120,284,267,1,0,0
2.230,284,266,1,0,0
2.350,284,266,1,0,0
2.460,284,266,1,0,0
2.580,284,266,1,0,0
2.700,285,266,1,0,0
2.820,285,267,1,0,0
2.940,286,266,1,0,0
3.060,286,264,1,0,0
3.160,286,263,1,0,0
3.290,286,263,1,0,0
3.400,286,262,1,0,0
3.510,286,262,1,0,0
3.630,287,261,1,0,0
3.750,287,262,1,0,0
3.870,287,262,1,0,0
3.970,287,261,1,0,0
4.090,287,259,1,0,0
4.210,287,256,1,0,0
4.320,287,254,1,0,0
4.440,287,252,1,0,0
4.550,287,250,1,0,0
4.660,288,250,1,0,0
4.790,290,252,1,0,0
4.910,290,254,1,0,0
5.020,291,258,1,0,0
5.140,290,258,1,0,0
5.250,290,260,1,0,0
5.370,288,263,1,0,0
5.490,287,265,1,0,0
5.600,287,267,1,0,0
5.720,286,267,1,0,0
5.850,286,268,1,0,0
5.970,286,268,1,0,0
6.090,286,268,1,0,0
6.210,286,268,1,0,0
6.330,286,272,1,0,0
6.440,285,274,1,0,0
6.560,285,276,1,0,0
6.690,285,278,1,0,0
6.800,285,280,1,0,0
6.920,287,281,1,0,0
7.040,287,288,1,0,0
7.160,289,293,1,0,0
7.280,291,296,1,0,0
7.400,292,301,0,0,0
7.520,295,303,0,0,0
7.630,296,305,0,0,0
7.740,296,306,0,0,0
7.870,295,306,0,0,0
7.980,295,304,0,0,0
8.090,297,303,0,0,0
8.200,303,306,0,0,0
8.320,308,307,0,1,0
8.430,314,308,0,1,0
8.550,319,308,0,1,0
8.670,329,307,0,1,0
8.780,337,307,0,1,0
10.370,408,308,0,1,0
10.630,409,310,0,1,0
10.750,407,311,0,1,0
10.860,404,311,0,1,0
10.970,405,312,0,1,0
11.080,406,311,0,1,0
11.190,408,311,0,1,0
11.310,411,313,0,1,0
11.430,413,314,0,1,0
11.540,413,314,0,1,0
11.660,409,310,0,1,0
11.780,408,310,0,1,0
11.900,407,311,0,1,0
12.020,399,309,0,1,0
12.140,389,309,0,1,0
12.260,374,308,0,1,0
12.370,370,308,0,1,0
12.500,367,308,0,1,0
12.610,365,308,0,1,0
12.730,361,309,0,1,0
12.850,363,311,0,1,0
12.960,364,310,0,1,0
13.080,364,310,0,1,0
13.210,368,309,0,1,0
13.320,369,307,0,1,0
13.430,370,307,0,1,0
13.550,370,307,0,1,0
13.660,369,308,0,1,0
13.780,368,309,0,1,0
13.890,364,310,0,1,0
14.010,359,309,0,1,0
14.120,345,307,0,1,0
14.230,331,307,0,1,0
14.350,321,307,0,1,0
14.460,315,307,0,1,0
14.580,314,308,0,1,0
14.700,316,308,0,1,0
14.820,313,309,0,1,0
14.940,312,310,0,1,0
15.050,312,310,0,1,0
15.170,309,312,0,1,0
15.290,308,313,0,1,0
15.400,308,313,0,1,0
15.510,308,313,0,1,0
15.630,308,313,0,1,0
15.750,308,313,0,1,0
15.870,308,313,0,1,0
15.990,308,313,0,1,0
16.110,308,313,0,1,0
16.230,308,314,0,1,0
16.340,308,314,0,1,0
16.460,307,313,0,1,0
16.580,307,314,0,1,0
16.690,307,313,0,1,0
16.820,307,314,0,1,0
16.930,307,313,0,1,0
17.040,305,314,0,1,0
17.160,303,314,0,1,0
17.280,304,313,0,1,0
17.390,304,311,0,1,0
17.500,299,308,0,0,0
17.610,296,307,0,0,0
17.730,294,307,0,0,0
17.850,292,306,0,0,0
17.970,290,304,0,0,0
18.080,290,303,0,0,0
18.200,290,303,0,0,0
18.320,291,304,0,0,0
18.430,290,306,0,0,0
18.550,288,307,0,0,0
18.670,287,307,0,0,0
18.790,290,307,0,0,1
18.900,293,308,0,0,1
19.020,297,309,0,0,0
19.130,297,311,0,0,0
19.240,294,314,0,0,1
19.350,292,316,0,0,1
19.460,292,317,0,0,1
19.570,290,318,0,0,1
19.690,290,318,0,0,1
19.810,290,318,0,0,1
19.920,290,318,0,0,1
20.040,290,318,0,0,1
20.150,290,318,0,0,1
20.270,290,318,0,0,1
20.390,290,319,0,0,1
20.510,290,319,0,0,1
20.620,290,320,0,0,1
20.750,291,319,0,0,1
20.870,293,317,0,0,1
21.000,297,315,0,0,1
21.110,299,313,0,0,1
21.230,299,315,0,0,0
21.340,300,315,0,0,0
21.460,300,314,0,0,0
21.580,301,313,0,0,0
21.700,301,313,0,0,0
21.820,301,313,0,0,0
21.940,301,313,0,0,0
22.050,301,312,0,0,0
22.170,300,310,0,0,0
22.290,296,309,0,0,0
22.410,291,308,0,0,1
22.520,285,309,0,0,1
22.640,279,309,0,0,1
22.760,272,308,0,0,0
22.870,265,308,0,1,0
22.990,255,309,0,1,0
23.100,252,311,0,1,0
23.210,245,311,0,1,0
23.320,235,312,0,1,0
23.450,227,313,0,1,0
23.570,217,310,0,1,0
23.690,206,309,0,1,0
23.810,199,308,0,1,0
23.930,189,309,0,1,0
24.050,183,310,0,1,0
24.170,176,310,0,1,0
24.280,173,311,0,1,0
24.400,173,311,0,1,0
24.520,173,311,0,1,0
24.620,170,311,0,1,0
24.740,165,310,0,1,0
24.850,164,311,0,1,0
24.970,165,311,0,1,0
25.090,168,312,0,1,0
25.210,170,311,0,1,0
25.320,170,310,0,1,0
25.430,169,310,0,1,0
25.540,168,309,0,1,0
25.660,168,308,0,1,0
25.780,169,308,0,1,0
25.900,168,309,0,1,0
26.010,167,310,0,1,0
26.130,169,311,0,1,0
26.240,168,311,0,1,0
26.360,170,310,0,1,0
26.470,178,309,0,1,0
26.590,191,308,0,1,0
26.710,204,309,0,1,0
26.830,220,309,0,1,0
26.950,232,312,0,1,0
27.070,237,312,0,1,0
27.180,240,313,0,1,0
27.290,240,312,0,1,0
27.420,237,311,0,1,0
27.530,237,312,0,1,0
27.650,236,312,0,1,0
27.770,235,311,0,1,0
27.880,235,310,0,1,0
28.000,239,310,0,1,0
28.110,253,310,0,1,0
28.220,263,309,0,1,0
28.330,266,308,0,1,0
28.450,265,308,0,1,0
28.550,264,308,0,1,0
28.670,264,308,0,1,0
28.790,265,307,0,1,0
28.910,266,307,0,1,0
29.020,269,306,0,1,0
29.140,270,305,0,0,0
29.250,270,305,0,0,0
29.380,270,305,0,0,0
29.500,270,304,0,0,0
29.620,271,304,0,0,0
29.730,271,304,0,0,0
29.850,269,305,0,0,0
29.970,269,307,0,0,0
30.080,273,306,0,0,0
30.190,280,306,0,0,0
30.300,288,306,0,0,1
30.410,293,305,0,0,0
30.530,303,306,0,0,0
30.640,315,308,0,1,0
30.750,322,309,0,1,0
30.860,332,309,0,1,0
30.980,340,308,0,1,0
31.100,345,308,0,1,0
31.210,351,307,0,1,0
31.330,363,307,0,1,0
31.450,377,307,0,1,0
31.560,383,307,0,1,0
31.680,392,308,0,1,0
31.790,404,307,0,1,0
31.910,413,307,0,1,0
32.030,419,307,0,1,0
32.140,419,306,0,1,0
32.260,419,306,0,1,0
32.370,417,306,0,1,0
32.490,423,307,0,1,0
32.610,427,308,0,1,0
32.720,428,307,0,1,0
32.830,428,307,0,1,0
32.950,428,307,0,1,0
33.070,429,307,0,1,0
33.190,428,307,0,1,0
33.300,429,306,0,1,0
33.530,430,306,0,1,0
33.650,431,307,0,1,0
33.850,438,307,0,1,0
33.970,428,307,0,1,0
34.090,426,306,0,1,0
34.210,428,307,0,1,0
34.330,431,309,0,1,0
34.440,433,309,0,1,0
34.560,433,311,0,1,0
34.680,434,312,0,1,0
34.800,432,311,0,1,0
34.920,428,310,0,1,0
35.030,421,310,0,1,0
35.140,410,312,0,1,0
35.250,402,312,0,1,0
35.360,387,311,0,1,0
35.470,371,310,0,1,0
35.600,359,310,0,1,0
35.720,341,309,0,1,0
35.840,333,310,0,1,0
35.950,326,310,0,1,0
36.060,319,311,0,1,0
36.180,318,312,0,1,0
36.300,317,313,0,1,0
36.420,316,313,0,1,0
36.530,313,313,0,1,0
36.640,314,311,0,1,0
36.760,312,310,0,1,0
36.870,310,309,0,1,0
36.990,311,309,0,1,0
37.100,311,309,0,1,0
37.220,310,308,0,1,0
37.340,308,307,0,1,0
37.450,308,306,0,1,0
37.560,308,306,0,1,0
37.670,308,306,0,1,0
37.790,307,306,0,1,0
37.910,306,306,0,1,0
38.020,306,305,0,1,0
38.140,306,305,0,1,0
38.260,307,305,0,1,0
38.380,306,305,0,1,0
38.490,306,305,0,1,0
38.610,307,305,0,1,0
38.730,307,306,0,1,0
38.850,307,306,0,1,0
38.970,308,307,0,1,0
39.080,309,307,0,1,0
39.190,309,307,0,1,0
39.310,309,307,0,1,0
39.430,309,307,0,1,0
39.550,308,307,0,1,0
39.670,307,306,0,1,0
39.780,304,305,0,1,0
39.900,301,305,0,0,0
40.030,301,305,0,0,0
40.150,303,307,0,0,0
40.260,302,309,0,0,0
40.380,301,310,0,0,0
40.500,298,311,0,0,0
40.610,296,312,0,0,0
40.720,295,312,0,0,0
40.840,295,313,0,0,0
40.960,294,314,0,0,1
41.070,293,315,0,0,1
41.190,293,316,0,0,1
41.310,293,316,0,0,1
41.420,294,315,0,0,1
41.540,297,314,0,0,1
41.640,296,312,0,0,1
41.750,294,311,0,0,1
41.860,291,310,0,0,1
41.980,289,312,0,0,1
42.090,289,312,0,0,1
42.210,291,311,0,0,1
42.330,291,313,0,0,1
42.430,291,313,0,0,1
42.550,291,314,0,0,1
42.670,291,314,0,0,1
42.780,292,313,0,0,1
42.900,295,311,0,0,1
43.010,295,311,0,0,1
43.130,294,313,0,0,1
43.250,290,317,0,0,1
43.360,288,319,0,0,1
43.480,287,321,0,0,1
43.600,288,322,0,0,1
43.710,288,321,0,0,1
43.830,288,321,0,0,1
43.960,288,322,0,0,1
44.070,288,322,0,0,1
44.190,288,322,0,0,1
44.300,287,322,0,0,1
44.420,287,322,0,0,1
44.530,287,322,0,0,1
44.650,287,322,0,0,1
44.770,288,322,0,0,1
44.890,288,322,0,0,1
45.000,288,322,0,0,1
45.130,289,323,0,0,1
45.250,289,324,0,0,1
45.360,289,327,0,0,0
45.480,288,328,0,0,0
45.610,288,329,0,0,0
45.720,288,329,0,0,0
45.830,290,324,0,0,0
45.940,293,319,0,0,1
46.060,294,318,0,0,1
46.170,296,317,0,0,1
46.290,297,316,0,0,1
46.400,297,316,0,0,1
46.520,297,315,0,0,1
46.630,298,314,0,0,1
46.740,298,315,0,0,1
46.860,298,315,0,0,1
46.970,298,315,0,0,1
47.080,298,315,0,0,1
47.200,298,315,0,0,1
47.320,299,314,0,0,1
47.440,298,314,0,0,1
47.550,298,314,0,0,1
47.670,298,314,0,0,1
47.780,298,312,0,0,1
47.890,297,309,0,0,1
48.000,296,310,0,0,1
48.120,292,310,0,0,1
48.230,290,310,0,0,1
48.330,286,311,0,0,1
48.450,281,312,0,0,1
48.560,274,309,0,0,0
48.680,271,310,0,0,0
48.800,269,310,0,0,0
48.910,267,310,0,1,0
49.030,264,311,0,1,0
49.140,263,310,0,1,0
49.270,261,309,0,1,0
49.380,262,311,0,1,0
49.510,261,311,0,1,0
49.620,261,312,0,1,0
49.740,264,312,0,1,0
49.850,265,311,0,1,0
49.960,266,310,0,1,0
50.080,265,309,0,1,0
50.200,266,309,0,1,0
50.320,265,308,0,1,0
50.430,266,308,0,1,0
50.540,266,307,0,1,0
50.660,266,308,0,1,0
50.780,266,308,0,1,0
50.910,266,307,0,1,0
51.020,265,308,0,1,0
51.140,265,309,0,1,0
51.250,265,308,0,1,0
51.370,265,308,0,1,0
51.470,267,309,0,1,0
51.590,269,310,0,1,0
51.690,268,309,0,1,0
51.800,269,309,0,1,0
51.910,271,310,0,1,0
52.030,271,310,0,1,0
52.140,271,310,0,1,0
52.250,270,310,0,1,0
52.360,271,310,0,1,0
52.470,271,310,0,1,0
52.590,270,309,0,0,0
52.700,272,309,0,0,0
52.820,277,310,0,0,0
52.930,277,309,0,0,0
53.050,278,307,0,0,0
53.160,279,307,0,0,0
53.280,279,307,0,0,0
53.390,279,306,0,0,0
53.510,280,305,0,0,0
53.630,281,303,0,0,0
53.760,283,302,0,0,0
53.880,282,302,0,0,0
54.000,280,304,0,0,0
54.120,278,305,0,0,0
54.240,278,305,0,0,0
54.350,278,305,0,0,0
54.470,278,305,0,0,0
54.580,277,305,0,0,0
54.690,278,305,0,0,0
54.800,278,305,0,0,0
54.920,277,305,0,0,0
55.030,278,305,0,0,0
55.140,277,305,0,0,0
55.260,277,305,0,0,0
55.380,277,306,0,0,0
55.490,279,307,0,0,0
55.620,283,307,0,0,1
55.740,287,307,0,0,1
55.850,292,306,0,0,1
55.960,296,306,0,0,0
56.070,301,307,0,0,0
56.180,308,308,0,1,0
56.310,317,310,0,1,0
56.420,321,311,0,1,0
56.530,324,311,0,1,0
56.640,333,313,0,1,0
56.750,344,312,0,1,0
56.880,353,312,0,1,0
56.980,358,310,0,1,0
57.090,360,310,0,1,0
57.200,360,309,0,1,0
57.320,361,310,0,1,0
57.430,360,309,0,1,0
57.540,367,306,0,1,0
57.670,373,306,0,1,0
57.790,385,306,0,1,0
57.910,396,306,0,1,0
58.020,400,307,0,1,0
58.140,402,308,0,1,0
58.260,403,307,0,1,0
58.380,407,308,0,1,0
58.500,415,308,0,1,0
58.620,422,308,0,1,0
58.720,420,307,0,1,0
58.840,422,307,0,1,0
58.950,421,307,0,1,0
59.060,421,307,0,1,0
59.160,420,307,0,1,0
59.280,420,307,0,1,0
59.390,420,307,0,1,0
59.500,419,307,0,1,0
59.610,420,307,0,1,0
59.740,420,307,0,1,0
59.850,420,307,0,1,0
59.970,418,306,0,1,0
60.090,419,306,0,1,0
60.210,421,307,0,1,0
60.320,421,307,0,1,0
60.430,417,308,0,1,0
60.540,414,309,0,1,0
60.650,413,308,0,1,0
60.770,417,307,0,1,0
60.890,418,306,0,1,0
61.000,419,306,0,1,0
61.120,422,308,0,1,0
61.240,422,310,0,1,0
61.360,419,312,0,1,0
61.480,418,312,0,1,0
61.590,419,312,0,1,0
61.700,420,313,0,1,0
61.820,419,313,0,1,0
61.940,419,314,0,1,0
62.060,420,314,0,1,0
62.170,420,315,0,1,0
62.290,419,315,0,1,0
62.410,419,315,0,1,0
62.520,420,316,0,1,0
62.640,421,316,0,1,0
62.750,420,316,0,1,0
62.870,419,316,0,1,0
62.990,421,316,0,1,0
63.100,420,316,0,1,0
63.220,419,316,0,1,0
63.330,419,314,0,1,0
63.450,418,312,0,1,0
63.560,416,312,0,1,0
63.680,408,311,0,1,0
63.790,399,312,0,1,0
63.900,388,311,0,1,0
64.020,375,310,0,1,0
64.140,365,311,0,1,0
64.250,352,311,0,1,0
64.370,343,312,0,1,0
64.480,333,312,0,1,0
64.600,329,312,0,1,0
64.720,324,311,0,1,0
64.830,320,309,0,1,0
64.950,319,309,0,1,0
65.070,318,309,0,1,0
65.190,317,308,0,1,0
65.310,317,308,0,1,0
65.420,317,308,0,1,0
65.530,317,308,0,1,0
65.650,318,309,0,1,0
65.770,318,309,0,1,0
65.880,319,309,0,1,0
65.990,318,309,0,1,0
66.120,318,309,0,1,0
66.230,318,309,0,1,0
66.340,318,310,0,1,0
66.450,315,310,0,1,0
66.570,313,310,0,1,0
66.680,312,309,0,1,0
66.790,314,310,0,1,0
66.900,313,311,0,1,0
67.020,312,312,0,1,0
67.130,312,312,0,1,0
67.250,311,312,0,1,0
67.370,312,312,0,1,0
67.480,311,312,0,1,0
67.600,311,312,0,1,0
67.720,311,312,0,1,0
67.830,311,312,0,1,0
67.930,311,312,0,1,0
68.050,311,313,0,1,0
68.170,311,313,0,1,0
68.290,310,313,0,1,0
68.410,311,313,0,1,0
68.520,311,312,0,1,0
68.640,311,312,0,1,0
68.760,311,312,0,1,0
68.870,311,312,0,1,0
68.980,311,312,0,1,0
69.110,311,312,0,1,0
69.220,311,312,0,1,0
69.340,314,312,0,1,0
69.460,315,312,0,1,0
69.590,313,312,0,1,0
69.700,312,313,0,1,0
69.820,312,313,0,1,0
69.930,312,313,0,1,0
70.050,312,313,0,1,0
70.160,313,313,0,1,0
70.270,314,313,0,1,0
70.380,315,313,0,1,0
70.510,316,313,0,1,0
70.630,317,312,0,1,0
70.740,315,311,0,1,0
70.870,314,311,0,1,0
70.980,313,310,0,1,0
71.100,311,309,0,1,0
71.220,310,308,0,1,0
71.340,309,308,0,1,0
71.460,309,308,0,1,0
71.580,310,308,0,1,0
71.700,309,308,0,1,0
71.820,308,307,0,1,0
71.930,309,307,0,1,0
72.040,306,306,0,1,0
72.150,303,307,0,1,0
72.280,300,307,0,0,0
72.390,299,307,0,0,0
72.510,298,307,0,0,0
72.620,297,307,0,0,0
72.740,295,308,0,0,0
72.860,294,309,0,0,1
72.980,292,310,0,0,1
73.090,292,310,0,0,1
73.200,290,310,0,0,1
73.310,290,311,0,0,1
73.430,290,311,0,0,1
73.550,292,311,0,0,1
73.660,291,310,0,0,1
73.780,287,309,0,0,1
73.890,284,310,0,0,1
74.010,273,309,0,0,0
74.120,264,309,0,1,0
74.240,251,309,0,1,0
74.360,240,309,0,1,0
74.470,228,310,0,1,0
74.590,219,311,0,1,0
74.710,211,313,0,1,0
74.820,205,314,0,1,0
74.950,199,315,0,1,0
75.070,193,315,0,1,0
75.180,183,315,0,1,0
75.290,177,315,0,1,0
75.410,173,316,0,1,0
75.530,169,316,0,1,0
75.640,167,316,0,1,0
75.760,166,316,0,1,0
75.870,167,316,0,1,0
75.990,167,315,0,1,0
76.090,165,315,0,1,0
76.210,164,315,0,1,0
76.320,163,315,0,1,0
76.440,162,315,0,1,0
76.540,161,315,0,1,0
76.660,161,315,0,1,0
76.770,164,316,0,1,0
76.890,164,315,0,1,0
77.010,163,313,0,1,0
77.140,164,312,0,1,0
77.250,164,314,0,1,0
77.370,163,314,0,1,0
77.480,163,313,0,1,0
77.600,162,313,0,1,0
77.720,163,314,0,1,0
77.820,162,314,0,1,0
77.940,161,314,0,1,0
78.050,160,314,0,1,0
78.160,163,315,0,1,0
78.280,164,316,0,1,0
78.390,164,316,0,1,0
78.510,162,315,0,1,0
78.630,158,314,0,1,0
78.750,157,311,0,1,0
78.860,156,311,0,1,0
78.980,155,311,0,1,0
79.080,154,311,0,1,0
79.200,153,310,0,1,0
79.310,153,309,0,1,0
79.420,153,310,0,1,0
79.530,153,310,0,1,0
79.650,154,311,0,1,0
79.760,154,311,0,1,0
79.870,154,312,0,1,0
79.980,154,312,0,1,0
80.100,154,312,0,1,0
80.220,154,312,0,1,0
80.340,156,311,0,1,0
80.450,155,311,0,1,0
80.570,154,311,0,1,0
80.680,154,312,0,1,0
80.800,156,311,0,1,0
80.910,154,311,0,1,0
81.040,156,308,0,1,0
81.160,161,308,0,1,0
81.280,167,308,0,1,0
81.400,178,309,0,1,0
81.520,185,309,0,1,0
81.640,195,310,0,1,0
81.760,204,310,0,1,0
81.880,217,309,0,1,0
81.990,223,309,0,1,0
82.100,226,308,0,1,0
82.220,228,308,0,1,0
82.340,230,309,0,1,0
82.470,228,309,0,1,0
82.590,228,308,0,1,0
82.700,229,308,0,1,0
82.820,239,308,0,1,0
82.940,251,307,0,1,0
83.050,254,308,0,1,0
83.170,255,307,0,1,0
83.290,254,307,0,1,0
83.400,254,308,0,1,0
83.520,256,309,0,1,0
83.630,259,311,0,1,0
83.740,261,312,0,1,0
83.860,261,312,0,1,0
83.980,262,313,0,1,0
84.100,263,313,0,1,0
84.210,263,313,0,1,0
84.330,262,313,0,1,0
84.450,260,311,0,1,0
84.560,258,312,0,1,0
84.680,258,312,0,1,0
84.790,258,312,0,1,0
84.920,257,311,0,1,0
85.030,256,312,0,1,0
85.150,256,312,0,1,0
85.260,255,311,0,1,0
85.380,255,310,0,1,0
85.490,256,310,0,1,0
85.610,257,310,0,1,0
85.720,258,310,0,1,0
85.840,263,311,0,1,0
85.950,268,311,0,1,0
86.070,270,311,0,1,0
86.180,274,310,0,0,0
86.300,276,309,0,0,0
86.420,281,307,0,0,1
86.530,283,306,0,0,1
86.640,287,306,0,0,1
86.760,292,305,0,0,0
86.880,304,306,0,0,0
87.000,316,308,0,1,0
87.110,325,308,0,1,0
87.230,334,309,0,1,0
87.340,344,309,0,1,0
87.460,351,308,0,1,0
87.580,356,307,0,1,0
87.700,361,308,0,1,0
87.810,361,307,0,1,0
87.940,361,307,0,1,0
88.050,360,308,0,1,0
88.160,364,307,0,1,0
88.270,365,306,0,1,0
88.390,364,307,0,1,0
88.490,368,306,0,1,0
88.610,380,306,0,1,0
88.720,386,306,0,1,0
88.830,393,306,0,1,0
88.940,395,305,0,1,0
89.060,397,306,0,1,0
89.180,395,306,0,1,0
89.290,394,306,0,1,0
89.410,393,306,0,1,0
89.530,393,306,0,1,0
89.640,394,306,0,1,0
89.760,394,306,0,1,0
89.870,394,306,0,1,0
89.990,394,306,0,1,0
90.100,393,306,0,1,0
90.210,393,306,0,1,0
90.360,395,306,0,1,0
90.470,391,307,0,1,0
90.630,390,306,0,1,0
90.750,393,305,0,1,0
90.870,400,306,0,1,0
90.980,402,307,0,1,0
91.100,403,309,0,1,0
91.210,402,310,0,1,0
91.330,400,311,0,1,0
91.440,399,311,0,1,0
91.560,399,311,0,1,0
91.670,398,310,0,1,0
91.790,392,310,0,1,0
91.910,381,312,0,1,0
92.030,373,312,0,1,0
92.150,363,313,0,1,0
92.270,359,312,0,1,0
92.380,357,311,0,1,0
92.500,355,310,0,1,0
92.610,354,310,0,1,0
92.730,353,310,0,1,0
92.840,345,310,0,1,0
92.960,337,310,0,1,0
93.080,332,311,0,1,0
93.200,328,310,0,1,0
93.310,322,311,0,1,0
93.430,316,313,0,1,0
93.550,313,313,0,1,0
93.670,311,314,0,1,0
93.790,309,314,0,1,0
93.900,307,315,0,1,0
94.020,308,314,0,1,0
94.130,307,314,0,1,0
94.250,306,314,0,1,0
94.370,306,313,0,1,0
94.470,304,311,0,1,0
94.580,301,310,0,0,0
94.690,299,311,0,0,0
94.810,299,312,0,0,0
94.920,298,312,0,0,0
95.030,296,313,0,0,0
95.150,295,313,0,0,0
95.260,296,313,0,0,0
95.380,297,313,0,0,0
95.490,302,312,0,0,0
95.610,305,312,0,0,0
95.720,305,312,0,1,0
95.840,305,312,0,1,0
95.960,305,312,0,1,0
96.080,304,314,0,1,0
96.190,304,314,0,1,0
96.310,305,313,0,1,0
96.420,305,313,0,1,0
96.550,304,313,0,1,0
96.660,303,314,0,1,0
96.770,302,314,0,1,0
96.880,303,314,0,1,0
97.000,303,314,0,1,0
97.120,303,315,0,1,0
97.240,303,315,0,1,0
97.350,302,315,0,0,0
97.470,300,317,0,0,0
97.590,299,318,0,0,0
97.700,299,319,0,0,0
97.830,300,317,0,0,0
97.940,300,317,0,0,0
98.060,301,317,0,0,0
98.180,302,316,0,0,0
98.300,303,315,0,0,0
98.420,304,315,0,1,0
98.530,304,315,0,1,0
98.640,304,315,0,1,0
98.750,304,314,0,1,0
98.860,304,314,0,1,0
98.970,303,314,0,1,0
99.080,303,314,0,1,0
99.200,302,314,0,1,0
99.310,302,313,0,1,0
99.420,302,314,0,1,0
99.550,302,314,0,1,0
99.660,302,313,0,1,0
99.780,301,314,0,0,0
99.890,301,314,0,0,0
100.010,300,316,0,0,0
100.140,299,318,0,0,0
100.250,298,320,0,0,0
100.370,299,320,0,0,0
100.480,299,320,0,0,0
100.610,299,319,0,0,0
100.730,299,319,0,0,0
100.840,299,318,0,0,0
100.990,299,319,0,0,0
101.110,299,319,0,0,0
101.220,298,322,0,0,0
101.370,297,326,0,0,0
101.490,297,332,0,0,0
101.610,297,332,0,0,0
101.720,296,332,0,0,0
101.870,294,338,1,0,0
101.990,293,341,1,0,0
102.200,294,336,1,0,0
102.310,293,337,1,0,0
102.430,292,337,1,0,0
102.550,290,339,1,0,0
102.660,290,338,1,0,0
102.780,290,340,1,0,0
102.920,290,340,1,0,0
103.090,290,340,1,0,0
103.210,289,342,1,0,0
103.350,290,339,1,0,0
103.470,290,340,1,0,0
103.590,291,343,1,0,0
103.700,291,345,1,0,0
103.810,292,349,1,0,0
103.930,293,349,1,0,0
104.040,294,349,1,0,0
104.160,294,348,1,0,0
104.280,295,347,1,0,0
104.390,295,347,1,0,0
104.500,295,347,1,0,0
104.620,295,350,1,0,0
104.730,294,353,1,0,0
104.860,294,355,1,0,0
104.980,295,353,1,0,0
105.100,295,354,1,0,0
105.210,295,354,1,0,0
105.330,295,355,1,0,0
105.450,294,356,1,0,0
105.560,292,359,1,0,0
105.680,292,361,1,0,0
105.790,292,361,1,0,0
105.910,292,361,1,0,0
106.030,292,357,1,0,0
106.140,293,350,1,0,0
106.260,292,346,1,0,0
106.370,293,345,1,0,0
106.490,293,344,1,0,0
106.610,292,342,1,0,0
106.720,292,342,1,0,0
106.830,292,342,1,0,0
106.950,292,341,1,0,0
107.070,291,339,1,0,0
107.180,290,336,1,0,0
107.290,290,334,1,0,0
107.400,292,331,1,0,0
107.520,290,333,1,0,0
107.640,288,335,1,0,0
107.750,289,334,1,0,0
107.860,290,332,1,0,0
107.980,290,331,1,0,0
108.100,288,332,1,0,0
108.210,287,332,1,0,0
108.320,288,332,1,0,0
108.440,288,332,1,0,0
108.540,287,332,1,0,0
108.650,286,332,1,0,0
108.770,286,332,1,0,0
108.890,287,332,1,0,0
109.000,288,332,1,0,0
109.120,289,332,1,0,0
109.240,290,331,1,0,0
109.360,290,328,0,0,0
109.480,289,327,0,0,0
109.590,288,322,0,0,1
109.700,286,321,0,0,1
109.810,283,318,0,0,1
109.940,282,315,0,0,1
110.060,281,314,0,0,1
110.180,281,314,0,0,1
110.290,280,312,0,0,1
110.400,281,311,0,0,1
110.510,281,310,0,0,1
110.630,281,308,0,0,1
110.750,281,307,0,0,1
110.870,281,307,0,0,1
110.970,281,305,0,0,0
111.090,280,304,0,0,0
111.200,280,302,0,0,0
111.320,280,300,0,0,0
111.430,280,300,0,0,0
111.540,280,299,0,0,0
111.650,280,301,0,0,0
111.770,280,301,0,0,0
111.880,280,301,0,0,0
111.990,280,302,0,0,0
112.110,280,301,0,0,0
112.230,280,301,0,0,0
112.340,280,301,0,0,0
112.440,280,301,0,0,0
112.550,281,301,0,0,0
112.670,281,302,0,0,0
112.790,281,302,0,0,0
112.900,281,302,0,0,0
113.010,281,302,0,0,0
113.140,281,302,0,0,0
113.260,281,302,0,0,0
113.370,281,304,0,0,0
113.490,282,303,0,0,0
113.600,283,302,0,0,0
113.710,283,302,0,0,0
113.830,284,304,0,0,0
113.940,286,303,0,0,0
114.060,288,302,0,0,0
114.170,288,302,0,0,0
114.290,289,302,0,0,0
114.410,289,303,0,0,0
114.520,290,303,0,0,0
114.640,291,304,0,0,0
114.750,296,305,0,0,0
114.860,308,306,0,1,0
114.970,315,307,0,1,0
115.080,323,307,0,1,0
115.190,334,307,0,1,0
115.310,339,309,0,1,0
115.420,342,308,0,1,0
115.530,343,308,0,1,0
115.640,344,308,0,1,0
115.760,345,309,0,1,0
115.870,345,309,0,1,0
115.990,344,309,0,1,0
116.100,344,308,0,1,0
116.220,345,308,0,1,0
116.330,346,308,0,1,0
116.450,347,308,0,1,0
116.560,345,308,0,1,0
116.680,345,307,0,1,0
116.800,347,308,0,1,0
116.910,347,308,0,1,0
117.030,345,308,0,1,0
117.160,345,308,0,1,0
117.280,346,308,0,1,0
117.400,344,307,0,1,0
117.530,343,307,0,1,0
117.640,343,307,0,1,0
117.760,342,307,0,1,0
117.870,343,307,0,1,0
117.990,343,307,0,1,0
118.110,342,309,0,1,0
118.220,339,310,0,1,0
118.340,338,311,0,1,0
118.450,338,311,0,1,0
118.570,338,311,0,1,0
118.690,338,310,0,1,0
118.810,333,309,0,1,0
118.920,329,308,0,1,0
119.040,324,307,0,1,0
119.160,317,307,0,1,0
119.270,315,306,0,1,0
119.390,314,306,0,1,0
119.510,312,306,0,1,0
119.620,308,308,0,1,0
119.730,307,308,0,1,0
119.860,306,308,0,1,0
119.970,304,309,0,1,0
120.090,305,309,0,1,0
120.200,305,309,0,1,0
120.320,304,309,0,1,0
120.430,305,309,0,1,0
120.540,304,309,0,1,0
120.660,305,308,0,1,0
120.770,302,308,0,0,0
120.880,302,308,0,0,0
121.000,302,309,0,0,0
121.110,301,309,0,0,0
121.230,301,310,0,0,0
121.340,300,310,0,0,0
121.460,297,310,0,0,0
121.570,295,311,0,0,1
121.680,293,312,0,0,1
121.800,293,312,0,0,1
121.910,294,312,0,0,1
122.020,293,312,0,0,1
122.140,291,311,0,0,1
122.250,289,312,0,0,1
122.360,285,310,0,0,1
122.480,281,311,0,0,1
122.590,282,313,0,0,1
122.710,277,315,0,0,1
122.840,268,316,0,0,0
122.950,259,315,0,1,0
123.070,247,315,0,1,0
123.180,236,313,0,1,0
123.300,224,311,0,1,0
123.420,219,310,0,1,0
123.540,213,311,0,1,0
123.650,209,310,0,1,0
123.760,208,309,0,1,0
123.880,202,309,0,1,0
124.000,191,308,0,1,0
124.110,183,309,0,1,0
124.240,181,309,0,1,0
124.360,183,310,0,1,0
124.470,186,310,0,1,0
124.580,188,310,0,1,0
124.690,189,308,0,1,0
124.800,189,308,0,1,0
124.920,189,308,0,1,0
125.040,188,308,0,1,0
125.160,187,307,0,1,0
125.270,187,307,0,1,0
125.380,187,307,0,1,0
125.500,188,307,0,1,0
125.620,188,307,0,1,0
125.740,189,307,0,1,0
125.850,187,307,0,1,0
125.960,187,308,0,1,0
126.070,187,308,0,1,0
126.190,184,307,0,1,0
126.310,181,307,0,1,0
126.430,177,307,0,1,0
126.540,172,306,0,1,0
126.660,164,306,0,1,0
126.770,161,306,0,1,0
126.890,160,305,0,1,0
127.010,160,305,0,1,0
127.130,159,306,0,1,0
127.250,158,306,0,1,0
127.370,158,306,0,1,0
127.490,155,307,0,1,0
127.600,153,307,0,1,0
127.710,154,308,0,1,0
127.830,155,310,0,1,0
127.950,157,311,0,1,0
128.060,158,311,0,1,0
128.170,158,312,0,1,0
128.290,157,312,0,1,0
128.400,158,313,0,1,0
128.520,159,312,0,1,0
128.650,158,311,0,1,0
128.760,158,311,0,1,0
128.880,158,310,0,1,0
129.000,159,311,0,1,0
129.120,160,311,0,1,0
129.230,159,309,0,1,0
129.350,159,309,0,1,0
129.470,159,310,0,1,0
129.580,159,309,0,1,0
129.690,160,310,0,1,0
129.810,160,310,0,1,0
129.930,162,311,0,1,0
130.040,162,312,0,1,0
130.150,163,313,0,1,0
130.260,163,313,0,1,0
130.370,162,314,0,1,0
130.490,162,314,0,1,0
130.610,162,314,0,1,0
130.710,163,313,0,1,0
130.850,161,311,0,1,0
130.960,159,309,0,1,0
131.080,158,309,0,1,0
131.190,161,309,0,1,0
131.310,165,308,0,1,0
131.420,171,308,0,1,0
131.540,177,308,0,1,0
131.660,178,308,0,1,0
131.780,179,307,0,1,0
131.900,179,308,0,1,0
132.010,178,308,0,1,0
132.130,177,308,0,1,0
132.250,177,307,0,1,0
132.350,177,307,0,1,0
132.460,177,307,0,1,0
132.580,177,307,0,1,0
132.690,177,307,0,1,0
132.810,177,307,0,1,0
132.920,177,306,0,1,0
133.040,177,306,0,1,0
133.160,177,306,0,1,0
133.270,178,306,0,1,0
133.380,178,307,0,1,0
133.490,178,307,0,1,0
133.610,177,307,0,1,0
133.720,181,307,0,1,0
133.840,187,307,0,1,0
133.950,194,307,0,1,0
134.070,205,307,0,1,0
134.200,217,306,0,1,0
134.310,224,307,0,1,0
134.430,236,307,0,1,0
134.550,246,307,0,1,0
134.670,252,307,0,1,0
134.790,256,308,0,1,0
134.910,258,308,0,1,0
135.020,257,307,0,1,0
135.140,258,307,0,1,0
135.250,261,307,0,1,0
135.370,263,307,0,1,0
135.490,264,306,0,1,0
135.600,265,306,0,1,0
135.720,270,304,0,0,0
135.840,275,303,0,0,0
135.960,277,303,0,0,0
136.080,279,303,0,0,0
136.200,281,303,0,0,0
136.310,280,302,0,0,0
136.420,278,303,0,0,0
136.530,278,304,0,0,0
136.650,281,304,0,0,0
136.760,284,304,0,0,0
136.870,286,304,0,0,0
136.990,289,305,0,0,0
137.100,290,306,0,0,0
137.220,292,306,0,0,0
137.340,292,306,0,0,0
137.450,293,307,0,0,0
137.570,293,307,0,0,0
137.680,293,308,0,0,0
137.800,293,308,0,0,0
137.910,292,307,0,0,0
138.020,292,307,0,0,0
138.150,292,307,0,0,0
138.270,291,306,0,0,1
138.380,291,306,0,0,1
138.490,291,306,0,0,1
138.610,292,305,0,0,0
138.730,292,305,0,0,0
138.840,291,304,0,0,0
138.960,291,303,0,0,0
139.080,292,303,0,0,0
139.200,294,305,0,0,0
139.310,296,305,0,0,0
139.430,299,306,0,0,0
139.540,299,305,0,0,0
139.650,296,305,0,0,0
139.770,296,305,0,0,0
139.880,298,306,0,0,0
139.990,298,307,0,0,0
140.110,299,307,0,0,0
140.230,298,306,0,0,0
140.350,296,305,0,0,0
140.460,293,304,0,0,0
140.580,292,303,0,0,0
140.700,291,303,0,0,0
140.810,291,302,0,0,0
140.920,291,302,0,0,0
141.040,290,300,0,0,0
141.150,290,299,0,0,0
141.260,290,299,0,0,0
141.370,289,300,0,0,0
141.490,289,302,0,0,0
141.620,290,300,0,0,0
141.740,290,299,0,0,0
141.860,290,299,1,0,0
141.980,290,298,1,0,0
142.100,290,297,1,0,0
142.220,290,296,1,0,0
142.330,291,295,1,0,0
142.450,291,295,1,0,0
142.570,290,295,1,0,0
142.700,290,296,1,0,0
142.820,291,295,1,0,0
142.940,291,295,1,0,0
143.060,290,295,1,0,0
143.170,290,295,1,0,0
143.300,290,295,1,0,0
143.400,291,295,1,0,0
143.530,291,295,1,0,0
143.640,291,295,1,0,0
143.760,291,295,1,0,0
143.880,291,295,1,0,0
143.990,291,295,1,0,0
144.110,291,295,1,0,0
144.220,290,295,1,0,0
144.330,290,295,1,0,0
144.460,290,295,1,0,0
144.570,291,295,1,0,0
144.690,291,295,1,0,0
144.800,291,295,1,0,0
144.920,291,295,1,0,0
145.030,291,295,1,0,0
145.150,290,295,1,0,0
145.270,289,297,1,0,0
145.390,290,296,1,0,0
145.510,290,296,1,0,0
145.630,290,295,1,0,0
145.740,290,294,1,0,0
145.860,291,293,1,0,0
145.970,291,292,1,0,0
146.090,292,291,1,0,0
146.210,292,290,1,0,0
146.330,292,289,1,0,0
146.450,292,290,1,0,0
146.560,292,290,1,0,0
146.670,292,291,1,0,0
146.790,291,291,1,0,0
146.900,290,292,1,0,0
147.010,290,293,1,0,0
147.120,289,293,1,0,0
147.240,289,291,1,0,0
147.360,287,288,1,0,0
147.470,286,288,1,0,0
147.590,286,289,1,0,0
147.710,285,289,1,0,0
147.830,284,288,1,0,0
147.950,284,289,1,0,0
148.070,284,290,1,0,0
148.190,283,291,1,0,0
148.310,284,291,1,0,0
148.440,284,292,1,0,0
148.550,284,294,1,0,0
148.660,284,295,1,0,0
148.770,285,297,1,0,0
148.880,285,298,1,0,0
149.000,284,297,1,0,0
149.120,284,297,1,0,0
149.230,284,298,1,0,0
149.340,284,297,1,0,0
149.470,284,298,1,0,0
149.580,284,298,1,0,0
149.680,284,299,1,0,0
149.800,285,299,1,0,0
149.920,287,301,0,0,0
150.040,288,302,0,0,0
150.160,288,302,0,0,0
150.280,287,303,0,0,0
150.400,287,305,0,0,0
150.510,285,305,0,0,0
150.620,282,306,0,0,0
150.730,281,306,0,0,0
150.840,281,306,0,0,1
150.960,279,307,0,0,1
151.070,279,308,0,0,1
151.190,281,307,0,0,1
151.310,281,307,0,0,1
151.430,281,308,0,0,1
151.550,281,309,0,0,1
151.660,281,309,0,0,1
151.780,283,311,0,0,1
151.900,283,312,0,0,1
152.010,283,312,0,0,1
152.130,283,312,0,0,1
152.250,283,315,0,0,1
152.370,283,316,0,0,1
152.480,283,317,0,0,1
152.600,283,316,0,0,1
152.720,283,315,0,0,1
152.840,284,316,0,0,1
152.950,284,316,0,0,1
153.070,284,316,0,0,1
153.190,284,316,0,0,1
153.300,284,316,0,0,1
153.420,285,316,0,0,1
153.530,284,316,0,0,1
153.640,284,317,0,0,1
153.750,284,317,0,0,1
153.860,284,318,0,0,1
153.980,284,318,0,0,1
154.100,284,318,0,0,1
154.210,284,317,0,0,1
154.330,284,317,0,0,1
154.440,284,317,0,0,1
154.560,285,317,0,0,1
154.670,285,317,0,0,1
154.780,285,317,0,0,1
154.910,285,318,0,0,1
155.020,285,318,0,0,1
155.130,285,317,0,0,1
155.240,284,318,0,0,1
155.360,284,318,0,0,1
155.480,284,318,0,0,1
155.590,284,318,0,0,1
155.700,284,318,0,0,1
155.820,284,318,0,0,1
155.930,284,318,0,0,1
156.050,284,318,0,0,1
156.170,284,318,0,0,1
156.290,285,316,0,0,1
156.400,286,315,0,0,1
156.510,288,313,0,0,1
156.630,288,312,0,0,1
156.750,289,311,0,0,1
156.870,289,311,0,0,1
156.990,289,311,0,0,1
157.110,288,311,0,0,1
157.220,288,311,0,0,1
157.340,288,311,0,0,1
157.460,288,311,0,0,1
157.580,288,310,0,0,1
157.700,289,310,0,0,1
157.810,290,310,0,0,1
157.930,290,311,0,0,1
158.040,291,311,0,0,1
158.150,293,313,0,0,1
158.270,293,314,0,0,1
158.390,293,315,0,0,1
158.520,293,314,0,0,1
158.630,293,315,0,0,1
158.740,294,315,0,0,1
158.860,294,315,0,0,1
158.970,294,316,0,0,1
159.090,294,316,0,0,1
159.210,294,317,0,0,1
159.320,294,317,0,0,1
159.440,294,316,0,0,1
159.560,294,316,0,0,1
159.670,294,316,0,0,1
159.780,295,317,0,0,1
159.900,294,316,0,0,1
160.010,294,316,0,0,1
160.130,294,316,0,0,1
160.240,295,317,0,0,1
160.360,295,317,0,0,1
160.490,294,315,0,0,1
160.600,294,315,0,0,1
160.720,294,315,0,0,1
160.830,293,315,0,0,1
160.940,293,315,0,0,1
161.060,293,315,0,0,1
161.170,293,315,0,0,1
161.290,293,315,0,0,1
161.410,294,316,0,0,1
161.520,294,316,0,0,1
161.640,294,316,0,0,1
161.750,294,317,0,0,1
161.870,294,316,0,0,1
161.980,294,317,0,0,1
162.100,293,316,0,0,1
162.220,294,317,0,0,1
162.320,294,317,0,0,1
162.440,294,316,0,0,1
162.550,294,315,0,0,1
162.670,294,315,0,0,1
162.790,294,315,0,0,1
162.910,291,313,0,0,1
163.020,291,312,0,0,1
163.130,292,312,0,0,1
163.250,292,311,0,0,1
163.370,293,312,0,0,1
163.500,292,311,0,0,1
163.620,293,311,0,0,1
163.720,292,310,0,0,1
163.850,292,310,0,0,1
163.960,291,310,0,0,1
164.080,292,310,0,0,1
164.210,294,309,0,0,1
164.320,294,309,0,0,1
164.440,295,309,0,0,1
164.550,296,309,0,0,1
164.660,296,308,0,0,1
164.780,297,308,0,0,1
164.900,298,308,0,0,0
165.020,305,308,0,1,0
165.140,312,307,0,1,0
165.260,319,308,0,1,0
165.380,326,308,0,1,0
165.500,337,310,0,1,0
165.610,349,310,0,1,0
165.730,356,309,0,1,0
165.850,363,309,0,1,0
165.960,363,308,0,1,0
166.070,364,308,0,1,0
166.190,362,309,0,1,0
166.310,363,308,0,1,0
166.420,367,306,0,1,0
166.540,372,307,0,1,0
166.650,382,307,0,1,0
166.780,391,306,0,1,0
166.900,396,306,0,1,0
167.020,398,306,0,1,0
167.130,400,306,0,1,0
167.240,400,306,0,1,0
167.350,400,306,0,1,0
167.470,399,306,0,1,0
167.580,398,306,0,1,0
167.700,399,306,0,1,0
167.810,407,305,0,1,0
167.920,413,306,0,1,0
168.030,418,306,0,1,0
168.140,422,305,0,1,0
168.250,422,305,0,1,0
168.360,422,305,0,1,0
168.490,422,305,0,1,0
168.600,423,305,0,1,0
168.730,422,305,0,1,0
168.830,422,305,0,1,0
168.950,422,305,0,1,0
169.060,423,305,0,1,0
169.170,423,306,0,1,0
169.290,422,305,0,1,0
169.400,426,307,0,1,0
169.520,426,307,0,1,0
169.630,425,306,0,1,0
169.750,426,306,0,1,0
169.860,427,306,0,1,0
169.990,427,306,0,1,0
170.090,428,306,0,1,0
170.210,428,307,0,1,0
170.330,429,308,0,1,0
170.440,430,308,0,1,0
170.550,429,308,0,1,0
170.670,429,308,0,1,0
170.780,430,307,0,1,0
170.900,430,307,0,1,0
171.020,431,307,0,1,0
171.130,432,308,0,1,0
171.250,431,308,0,1,0
171.360,431,308,0,1,0
171.470,431,308,0,1,0
171.600,431,308,0,1,0
171.720,433,308,0,1,0
171.840,433,308,0,1,0
171.960,434,308,0,1,0
172.070,434,309,0,1,0
172.180,432,308,0,1,0
172.300,432,308,0,1,0
172.420,430,308,0,1,0
172.530,431,310,0,1,0
172.660,432,312,0,1,0
172.780,432,312,0,1,0
172.900,432,311,0,1,0
173.010,433,311,0,1,0
173.130,433,311,0,1,0
173.250,433,311,0,1,0
173.360,433,311,0,1,0
173.480,433,311,0,1,0
173.610,433,311,0,1,0
173.730,433,311,0,1,0
173.840,431,311,0,1,0
173.960,429,312,0,1,0
174.080,428,312,0,1,0
174.200,429,312,0,1,0
174.310,430,312,0,1,0
174.420,430,313,0,1,0
174.540,429,313,0,1,0
174.640,429,314,0,1,0
174.760,430,314,0,1,0
174.870,429,314,0,1,0
174.990,430,314,0,1,0
175.110,432,316,0,1,0
175.230,432,316,0,1,0
175.350,432,316,0,1,0
175.470,432,316,0,1,0
175.590,433,316,0,1,0
175.700,433,316,0,1,0
175.810,433,316,0,1,0
175.930,433,316,0,1,0
176.040,433,316,0,1,0
176.160,432,316,0,1,0
176.270,433,316,0,1,0
176.370,433,316,0,1,0
176.490,432,314,0,1,0
176.610,430,313,0,1,0
176.720,429,312,0,1,0
176.830,426,312,0,1,0
176.940,420,312,0,1,0
177.060,414,313,0,1,0
177.180,405,312,0,1,0
177.290,400,312,0,1,0
177.400,397,313,0,1,0
177.510,392,311,0,1,0
177.620,389,311,0,1,0
177.740,386,310,0,1,0
177.860,386,310,0,1,0
177.970,386,310,0,1,0
178.090,386,310,0,1,0
178.190,387,310,0,1,0
178.300,387,310,0,1,0
178.430,386,310,0,1,0
178.540,385,311,0,1,0
178.670,380,310,0,1,0
178.780,372,311,0,1,0
178.890,367,311,0,1,0
179.010,365,312,0,1,0
179.120,362,313,0,1,0
179.240,360,313,0,1,0
179.360,359,313,0,1,0
179.470,358,313,0,1,0
179.590,358,314,0,1,0
179.700,357,314,0,1,0
179.810,358,314,0,1,0
179.930,357,314,0,1,0
180.040,358,314,0,1,0
180.160,354,313,0,1,0
180.270,348,313,0,1,0
180.390,340,314,0,1,0
180.500,334,313,0,1,0
180.620,331,313,0,1,0
180.730,327,312,0,1,0
180.840,325,310,0,1,0
180.960,323,309,0,1,0
181.070,322,309,0,1,0
181.200,320,308,0,1,0
181.320,320,308,0,1,0
181.430,319,307,0,1,0
181.550,319,308,0,1,0
181.650,320,308,0,1,0
181.750,320,308,0,1,0
181.870,321,308,0,1,0
181.990,322,308,0,1,0
182.110,323,309,0,1,0
182.220,324,310,0,1,0
182.330,324,310,0,1,0
182.450,326,310,0,1,0
182.560,326,309,0,1,0
182.670,325,309,0,1,0
182.790,325,309,0,1,0
182.910,325,309,0,1,0
183.030,325,309,0,1,0
183.150,325,309,0,1,0
183.260,325,309,0,1,0
183.380,324,309,0,1,0
183.500,324,310,0,1,0
183.610,322,310,0,1,0
183.720,321,310,0,1,0
183.840,319,310,0,1,0
183.950,316,309,0,1,0
184.050,316,310,0,1,0
184.170,314,311,0,1,0
184.280,313,311,0,1,0
184.390,312,311,0,1,0
184.510,312,311,0,1,0
184.630,312,311,0,1,0
184.740,312,311,0,1,0
184.850,312,311,0,1,0
184.960,311,312,0,1,0
185.080,309,313,0,1,0
185.190,308,313,0,1,0
185.310,307,313,0,1,0
185.430,308,313,0,1,0
185.550,308,313,0,1,0
185.670,308,313,0,1,0
185.790,308,312,0,1,0
185.910,309,311,0,1,0
186.030,308,311,0,1,0
186.140,308,311,0,1,0
186.250,307,311,0,1,0
186.380,306,310,0,1,0
186.490,306,310,0,1,0
186.600,304,308,0,1,0
186.720,302,307,0,0,0
186.840,302,307,0,0,0
186.950,300,305,0,0,0
187.070,298,304,0,0,0
187.190,297,304,0,0,0
187.320,297,303,0,0,0
187.440,298,304,0,0,0
187.550,298,304,0,0,0
187.660,298,304,0,0,0
187.780,298,304,0,0,0
187.900,299,304,0,0,0
188.010,299,304,0,0,0
188.120,299,304,0,0,0
188.240,299,304,0,0,0
188.340,299,304,0,0,0
188.470,299,304,0,0,0
188.580,299,303,0,0,0
188.690,299,304,0,0,0
188.810,300,304,0,0,0
188.930,301,304,0,0,0
189.050,301,304,0,0,0
189.170,301,303,0,0,0
189.280,298,302,0,0,0
189.390,297,301,0,0,0
189.510,295,299,0,0,0
189.630,294,299,0,0,0
189.750,294,299,0,0,0
189.870,293,298,0,0,0
189.990,292,298,0,0,0
190.100,291,298,1,0,0
190.210,291,297,1,0,0
190.320,291,297,1,0,0
190.440,290,297,1,0,0
190.560,290,297,1,0,0
190.670,292,298,1,0,0
190.790,294,300,1,0,0
190.910,293,301,0,0,0
191.030,293,302,0,0,0
191.140,293,303,0,0,0
191.260,293,304,0,0,0
191.380,291,305,0,0,0
191.490,291,305,0,0,0
191.610,295,306,0,0,0
191.740,296,307,0,0,0
191.860,295,308,0,0,0
191.990,295,309,0,0,0
192.100,294,309,0,0,0
192.220,293,310,0,0,1
192.330,293,311,0,0,1
192.450,292,311,0,0,1
192.570,292,311,0,0,1
192.680,293,312,0,0,1
192.800,292,311,0,0,1
192.910,292,312,0,0,1
193.030,292,312,0,0,1
193.140,292,312,0,0,1
193.250,292,312,0,0,1
193.370,292,312,0,0,1
193.480,292,312,0,0,1
193.600,293,312,0,0,1
193.720,295,310,0,0,1
193.840,295,309,0,0,1
193.950,295,309,0,0,1
194.070,296,309,0,0,1
194.200,297,310,0,0,1
194.310,297,310,0,0,1
194.420,297,310,0,0,1
194.540,297,311,0,0,1
194.660,298,312,0,0,1
194.770,299,313,0,0,0
194.890,300,314,0,0,0
195.000,300,314,0,0,0
195.120,300,314,0,0,0
195.230,301,314,0,0,0
195.350,301,314,0,0,0
195.470,301,314,0,0,0
195.600,301,314,0,0,0
195.720,301,314,0,0,0
195.840,301,314,0,0,0
195.960,302,314,0,0,0
196.080,302,314,0,0,0
196.190,302,314,0,0,0
196.310,302,314,0,0,0
196.430,302,314,0,0,0
196.550,302,314,0,0,0
196.670,302,314,0,0,0
196.780,302,314,0,0,0
196.900,302,314,0,0,0
197.010,302,314,0,0,0
197.120,302,314,0,0,0
197.220,302,314,0,0,0
197.340,301,314,0,0,0
197.450,301,314,0,0,0
197.570,301,314,0,0,0
197.690,301,314,0,0,0
197.810,302,314,0,0,0
197.920,301,314,0,0,0
198.040,301,315,0,0,0
198.160,301,315,0,0,0
198.280,300,315,0,0,0
198.390,300,315,0,0,0
198.510,300,315,0,0,0
198.620,300,315,0,0,0
198.730,299,315,0,0,0
198.860,299,315,0,0,0
198.970,299,315,0,0,0
199.080,299,315,0,0,0
199.200,299,315,0,0,0
199.320,299,315,0,0,0
199.440,299,315,0,0,0
199.560,299,315,0,0,0
199.670,299,315,0,0,0
199.780,300,314,0,0,0
199.900,299,315,0,0,0
200.020,298,314,0,0,0
200.130,298,314,0,0,0
200.250,298,314,0,0,0
200.370,299,314,0,0,0
200.490,299,315,0,0,0
200.600,299,315,0,0,0
200.730,299,315,0,0,0
200.850,299,316,0,0,0
200.970,299,315,0,0,0
201.090,299,315,0,0,0
201.200,299,315,0,0,0
201.320,299,315,0,0,0
201.440,299,316,0,0,0
201.550,299,316,0,0,0
201.670,299,315,0,0,0
201.790,300,314,0,0,0
201.910,300,314,0,0,0
202.030,299,314,0,0,0
202.130,298,315,0,0,0
202.240,299,314,0,0,0
202.350,299,314,0,0,0
202.460,299,315,0,0,0
202.570,299,315,0,0,0
202.690,299,315,0,0,0
202.810,299,314,0,0,0
202.930,299,314,0,0,0
203.030,298,314,0,0,0
203.150,298,313,0,0,0
203.270,298,311,0,0,0
203.380,298,311,0,0,0
203.500,298,311,0,0,0
203.610,298,311,0,0,0
203.720,298,311,0,0,0
203.850,299,312,0,0,0
203.980,299,312,0,0,0
204.090,299,313,0,0,0
204.200,299,312,0,0,0
204.320,299,313,0,0,0
204.430,299,313,0,0,0
204.550,298,313,0,0,0
204.660,299,313,0,0,0
204.770,299,313,0,0,0
204.880,299,314,0,0,0
205.000,299,315,0,0,0
205.110,299,314,0,0,0
205.230,299,314,0,0,0
205.350,299,314,0,0,0
205.470,299,314,0,0,0
205.580,299,314,0,0,0
205.690,299,314,0,0,0
205.810,300,314,0,0,0
205.920,300,315,0,0,0
206.030,300,315,0,0,0
206.140,299,314,0,0,0
206.260,298,314,0,0,0
206.370,298,313,0,0,0
206.490,298,312,0,0,0
206.600,297,313,0,0,1
206.720,297,312,0,0,1
206.830,296,312,0,0,1
206.950,293,311,0,0,1
207.060,293,312,0,0,1
207.180,292,311,0,0,1
207.290,290,310,0,0,1
207.410,286,310,0,0,1
207.530,278,311,0,0,1
207.650,271,310,0,0,0
207.760,267,311,0,1,0
207.880,259,312,0,1,0
207.990,252,313,0,1,0
208.110,242,314,0,1,0
208.220,234,315,0,1,0
208.340,222,314,0,1,0
208.460,214,313,0,1,0
208.580,205,313,0,1,0
208.700,201,313,0,1,0
208.820,202,313,0,1,0
208.930,205,314,0,1,0
209.040,207,313,0,1,0
209.150,207,312,0,1,0
209.260,207,311,0,1,0
209.380,207,311,0,1,0
209.490,206,313,0,1,0
209.610,203,314,0,1,0
209.720,199,313,0,1,0
209.840,194,315,0,1,0
209.950,190,315,0,1,0
210.080,188,315,0,1,0
210.190,188,314,0,1,0
210.300,189,315,0,1,0
210.430,189,315,0,1,0
210.540,190,314,0,1,0
210.660,190,314,0,1,0
210.770,190,314,0,1,0
210.880,189,314,0,1,0
211.000,190,315,0,1,0
211.110,191,315,0,1,0
211.240,193,315,0,1,0
211.360,193,314,0,1,0
211.480,189,314,0,1,0
211.600,180,313,0,1,0
211.710,174,314,0,1,0
211.830,168,313,0,1,0
211.950,164,314,0,1,0
212.070,161,314,0,1,0
212.180,161,314,0,1,0
212.280,160,314,0,1,0
212.400,160,313,0,1,0
212.510,159,313,0,1,0
212.630,159,314,0,1,0
212.750,159,314,0,1,0
212.860,159,313,0,1,0
212.970,159,314,0,1,0
213.090,159,313,0,1,0
213.190,159,314,0,1,0
213.310,160,314,0,1,0
213.420,161,314,0,1,0
213.540,161,314,0,1,0
213.660,161,314,0,1,0
213.790,161,314,0,1,0
213.910,161,315,0,1,0
214.010,162,315,0,1,0
214.120,161,315,0,1,0
214.250,160,315,0,1,0
214.360,161,315,0,1,0
214.480,160,314,0,1,0
214.610,160,314,0,1,0
214.720,160,314,0,1,0
214.840,160,314,0,1,0
214.960,161,315,0,1,0
215.070,161,314,0,1,0
215.190,159,313,0,1,0
215.300,159,311,0,1,0
215.410,158,310,0,1,0
215.520,159,311,0,1,0
215.640,159,311,0,1,0
215.750,159,312,0,1,0
215.880,158,311,0,1,0
216.000,157,311,0,1,0
216.110,156,311,0,1,0
216.230,154,310,0,1,0
216.340,154,310,0,1,0
216.460,155,311,0,1,0
216.580,155,311,0,1,0
216.700,154,310,0,1,0
216.820,154,310,0,1,0
216.930,154,309,0,1,0
217.040,153,308,0,1,0
217.160,153,309,0,1,0
217.280,154,310,0,1,0
217.400,156,309,0,1,0
217.520,155,309,0,1,0
217.640,155,309,0,1,0
217.760,155,309,0,1,0
217.870,155,308,0,1,0
217.990,157,307,0,1,0
218.100,160,305,0,1,0
218.210,163,305,0,1,0
218.320,170,306,0,1,0
218.430,173,307,0,1,0
218.550,175,308,0,1,0
218.660,175,309,0,1,0
218.780,176,310,0,1,0
218.890,176,310,0,1,0
219.010,176,309,0,1,0
219.120,175,309,0,1,0
219.230,174,310,0,1,0
219.350,174,310,0,1,0
219.460,174,310,0,1,0
219.570,174,310,0,1,0
219.690,173,310,0,1,0
219.800,175,311,0,1,0
219.920,175,312,0,1,0
220.030,175,312,0,1,0
220.140,175,313,0,1,0
220.250,175,313,0,1,0
220.370,175,313,0,1,0
220.480,175,313,0,1,0
220.610,176,313,0,1,0
220.730,176,313,0,1,0
220.850,176,313,0,1,0
220.970,176,313,0,1,0
221.080,176,313,0,1,0
221.200,176,313,0,1,0
221.320,176,313,0,1,0
221.430,176,313,0,1,0
221.560,176,312,0,1,0
221.670,176,311,0,1,0
221.780,176,311,0,1,0
221.900,178,310,0,1,0
222.010,180,310,0,1,0
222.130,183,311,0,1,0
222.250,184,310,0,1,0
222.360,188,311,0,1,0
222.470,193,311,0,1,0
222.590,195,309,0,1,0
222.700,198,309,0,1,0
222.820,200,309,0,1,0
222.940,200,309,0,1,0
223.050,201,308,0,1,0
223.170,201,308,0,1,0
223.290,202,308,0,1,0
223.410,202,308,0,1,0
223.530,202,307,0,1,0
223.650,202,307,0,1,0
223.770,202,307,0,1,0
223.890,203,307,0,1,0
224.020,207,306,0,1,0
224.140,211,306,0,1,0
224.250,213,305,0,1,0
224.370,218,305,0,1,0
224.490,220,305,0,1,0
224.610,225,305,0,1,0
224.730,231,305,0,1,0
224.850,239,306,0,1,0
224.970,244,306,0,1,0
225.100,250,306,0,1,0
225.210,252,306,0,1,0
225.320,251,306,0,1,0
225.440,252,307,0,1,0
225.550,253,308,0,1,0
225.680,254,309,0,1,0
225.790,255,310,0,1,0
225.910,256,310,0,1,0
226.030,254,308,0,1,0
226.150,253,308,0,1,0
226.270,250,308,0,1,0
226.390,249,309,0,1,0
226.510,249,310,0,1,0
226.640,251,311,0,1,0
226.750,251,311,0,1,0
226.860,251,311,0,1,0
226.970,252,312,0,1,0
227.090,252,311,0,1,0
227.200,251,309,0,1,0
227.320,251,309,0,1,0
227.440,253,310,0,1,0
227.550,252,309,0,1,0
227.680,250,308,0,1,0
227.790,251,308,0,1,0
227.910,254,308,0,1,0
228.030,255,307,0,1,0
228.140,255,307,0,1,0
228.250,255,307,0,1,0
228.360,255,307,0,1,0
228.470,256,307,0,1,0
228.600,256,307,0,1,0
228.720,256,307,0,1,0
228.830,257,307,0,1,0
228.960,257,307,0,1,0
229.080,258,306,0,1,0
229.190,259,306,0,1,0
229.310,259,306,0,1,0
229.430,259,306,0,1,0
229.540,259,306,0,1,0
229.650,259,306,0,1,0
229.750,259,306,0,1,0
229.880,259,306,0,1,0
230.000,259,305,0,1,0
230.120,259,306,0,1,0
230.240,259,306,0,1,0
230.370,256,307,0,1,0
230.480,255,307,0,1,0
230.590,255,307,0,1,0
230.710,254,307,0,1,0
230.820,254,307,0,1,0
230.930,253,307,0,1,0
231.050,253,307,0,1,0
231.170,253,307,0,1,0
231.290,253,307,0,1,0
231.400,253,307,0,1,0
231.520,252,307,0,1,0
231.640,250,307,0,1,0
231.750,250,307,0,1,0
231.880,249,308,0,1,0
232.000,248,308,0,1,0
232.120,247,308,0,1,0
232.240,248,308,0,1,0
232.350,248,307,0,1,0
232.460,249,307,0,1,0
232.580,248,307,0,1,0
232.700,248,307,0,1,0
232.820,249,306,0,1,0
232.930,248,306,0,1,0
233.050,249,307,0,1,0
233.150,247,308,0,1,0
233.270,247,308,0,1,0
233.390,248,307,0,1,0
233.500,251,306,0,1,0
233.610,252,306,0,1,0
233.720,254,305,0,1,0
233.840,255,306,0,1,0
233.950,255,306,0,1,0
234.070,254,307,0,1,0
234.180,254,307,0,1,0
234.300,253,308,0,1,0
234.410,252,309,0,1,0
234.530,252,309,0,1,0
234.650,254,310,0,1,0
234.770,253,310,0,1,0
234.880,253,310,0,1,0
235.000,253,310,0,1,0
235.120,251,309,0,1,0
235.230,252,310,0,1,0
235.350,251,310,0,1,0
235.460,250,310,0,1,0
235.590,248,312,0,1,0
235.710,245,314,0,1,0
235.830,240,315,0,1,0
235.940,234,315,0,1,0
236.050,226,315,0,1,0
236.170,222,314,0,1,0
236.280,216,314,0,1,0
236.400,209,316,0,1,0
236.510,204,315,0,1,0
236.630,198,314,0,1,0
236.750,195,313,0,1,0
236.860,192,312,0,1,0
236.970,192,314,0,1,0
237.090,191,314,0,1,0
237.210,188,314,0,1,0
237.320,180,314,0,1,0
237.430,174,314,0,1,0
237.560,169,314,0,1,0
237.680,168,315,0,1,0
237.800,168,315,0,1,0
237.930,167,315,0,1,0
238.040,168,314,0,1,0
238.160,168,314,0,1,0
238.270,168,314,0,1,0
238.390,168,313,0,1,0
238.500,168,313,0,1,0
238.630,169,312,0,1,0
238.730,169,312,0,1,0
238.850,169,312,0,1,0
238.960,169,312,0,1,0
239.070,169,312,0,1,0
239.190,169,312,0,1,0
239.300,169,313,0,1,0
239.410,169,312,0,1,0
239.520,168,311,0,1,0
239.640,168,311,0,1,0
239.750,168,311,0,1,0
239.860,167,311,0,1,0
239.970,163,310,0,1,0
240.090,158,309,0,1,0
240.200,157,309,0,1,0
240.320,159,308,0,1,0
240.430,158,308,0,1,0
240.560,158,308,0,1,0
240.680,158,308,0,1,0
240.800,159,308,0,1,0
240.910,160,307,0,1,0
241.030,160,307,0,1,0
241.150,159,307,0,1,0
241.260,159,307,0,1,0
241.370,159,307,0,1,0
241.480,159,307,0,1,0
241.600,157,307,0,1,0
241.710,157,308,0,1,0
241.820,157,308,0,1,0
241.940,156,308,0,1,0
242.060,155,307,0,1,0
242.170,155,307,0,1,0
242.280,156,308,0,1,0
242.400,156,308,0,1,0
242.510,155,308,0,1,0
242.630,155,308,0,1,0
242.740,154,309,0,1,0
242.860,154,308,0,1,0
242.980,155,308,0,1,0
243.090,157,309,0,1,0
243.210,158,309,0,1,0
243.320,156,310,0,1,0
243.430,156,311,0,1,0
243.550,154,310,0,1,0
243.660,155,307,0,1,0
243.790,155,306,0,1,0
243.890,156,306,0,1,0
244.010,157,306,0,1,0
244.130,160,305,0,1,0
244.250,162,306,0,1,0
244.370,162,306,0,1,0
244.480,162,307,0,1,0
244.590,161,307,0,1,0
244.700,161,307,0,1,0
244.820,161,307,0,1,0
244.930,161,308,0,1,0
245.050,161,308,0,1,0
245.170,161,308,0,1,0
245.280,161,308,0,1,0
245.390,161,308,0,1,0
245.500,162,308,0,1,0
245.620,162,308,0,1,0
245.740,162,308,0,1,0
245.850,161,309,0,1,0
245.970,161,308,0,1,0
246.080,161,308,0,1,0
246.190,161,308,0,1,0
246.300,161,308,0,1,0
246.420,162,308,0,1,0
246.540,162,309,0,1,0
246.650,160,310,0,1,0
246.770,161,310,0,1,0
246.880,161,310,0,1,0
247.010,162,311,0,1,0
247.130,163,311,0,1,0
247.250,162,310,0,1,0
247.350,161,310,0,1,0
247.470,161,309,0,1,0
247.580,162,308,0,1,0
247.700,161,307,0,1,0
247.820,162,306,0,1,0
247.930,163,306,0,1,0
248.030,166,306,0,1,0
248.160,170,307,0,1,0
248.260,173,307,0,1,0
248.380,176,307,0,1,0
248.500,178,308,0,1,0
248.610,178,308,0,1,0
248.730,178,308,0,1,0
248.850,178,308,0,1,0
248.960,177,308,0,1,0
249.080,176,308,0,1,0
249.190,176,308,0,1,0
249.300,176,308,0,1,0
249.420,176,308,0,1,0
249.530,176,308,0,1,0
249.640,176,308,0,1,0
249.760,176,308,0,1,0
249.870,176,308,0,1,0
250.000,176,308,0,1,0
250.120,177,308,0,1,0
250.240,177,308,0,1,0
250.360,179,307,0,1,0
250.480,184,307,0,1,0
250.590,191,307,0,1,0
250.700,195,307,0,1,0
250.820,196,308,0,1,0
250.940,198,309,0,1,0
251.050,202,311,0,1,0
251.160,202,312,0,1,0
251.280,202,311,0,1,0
251.390,198,310,0,1,0
251.510,198,311,0,1,0
251.620,199,313,0,1,0
251.730,199,312,0,1,0
251.850,200,313,0,1,0
251.970,200,313,0,1,0
252.090,200,312,0,1,0
252.200,201,312,0,1,0
252.310,202,313,0,1,0
252.420,201,312,0,1,0
252.540,202,312,0,1,0
252.650,201,311,0,1,0
252.770,199,310,0,1,0
252.890,201,310,0,1,0
252.990,203,309,0,1,0
253.110,207,309,0,1,0
253.220,211,310,0,1,0
253.330,217,308,0,1,0
253.440,224,308,0,1,0
253.560,225,309,0,1,0
253.670,225,308,0,1,0
253.790,225,308,0,1,0
253.910,226,307,0,1,0
254.020,228,307,0,1,0
254.140,230,307,0,1,0
254.250,232,307,0,1,0
254.370,234,307,0,1,0
254.480,240,306,0,1,0
254.600,244,306,0,1,0
254.710,249,306,0,1,0
254.830,252,306,0,1,0
254.940,253,306,0,1,0
255.060,256,308,0,1,0
255.180,257,309,0,1,0
255.300,261,310,0,1,0
255.410,262,310,0,1,0
255.540,263,311,0,1,0
255.650,265,311,0,1,0
255.770,265,312,0,1,0
255.880,266,312,0,1,0
256.000,267,312,0,1,0
256.120,267,312,0,1,0
256.240,267,312,0,1,0
256.360,267,312,0,1,0
256.470,267,313,0,1,0
256.580,267,313,0,1,0
256.700,266,312,0,1,0
256.810,265,312,0,1,0
256.920,265,312,0,1,0
257.050,265,311,0,1,0
257.170,266,311,0,1,0
257.290,266,310,0,1,0
257.410,266,310,0,1,0
257.520,266,309,0,1,0
257.640,266,309,0,1,0
257.760,266,309,0,1,0
257.880,266,308,0,1,0
257.990,266,308,0,1,0
258.110,267,307,0,1,0
258.230,267,306,0,1,0
258.350,267,306,0,1,0
258.460,267,306,0,1,0
258.580,267,306,0,1,0
258.690,266,306,0,1,0
258.810,266,306,0,1,0
258.930,266,306,0,1,0
259.050,267,306,0,1,0
259.160,267,306,0,1,0
259.280,267,306,0,1,0
259.400,267,306,0,1,0
259.510,267,306,0,1,0
259.630,267,306,0,1,0
259.750,267,306,0,1,0
259.860,265,306,0,1,0
259.980,266,307,0,1,0
260.100,272,307,0,0,0
260.210,277,306,0,0,0
260.320,280,305,0,0,0
260.430,285,305,0,0,0
260.550,290,306,0,0,0
260.680,298,306,0,0,0
260.790,302,308,0,0,0
260.900,307,310,0,1,0
261.020,316,311,0,1,0
261.130,324,312,0,1,0
261.250,331,311,0,1,0
261.370,338,308,0,1,0
261.480,345,308,0,1,0
261.600,348,308,0,1,0
261.720,356,307,0,1,0
261.840,362,308,0,1,0
261.950,368,306,0,1,0
262.070,372,306,0,1,0
262.200,373,306,0,1,0
262.310,373,307,0,1,0
262.440,373,307,0,1,0
262.560,373,308,0,1,0
262.680,373,308,0,1,0
262.790,377,309,0,1,0
262.920,385,310,0,1,0
263.030,390,311,0,1,0
263.140,392,312,0,1,0
263.260,392,311,0,1,0
263.370,390,310,0,1,0
263.490,388,309,0,1,0
263.610,388,309,0,1,0
263.730,388,309,0,1,0
263.850,388,310,0,1,0
263.960,387,310,0,1,0
264.090,388,309,0,1,0
264.190,388,310,0,1,0
264.310,388,310,0,1,0
264.420,389,309,0,1,0
264.540,392,309,0,1,0
264.660,395,308,0,1,0
264.770,399,307,0,1,0
264.890,402,307,0,1,0
265.000,402,307,0,1,0
265.110,402,307,0,1,0
265.230,402,307,0,1,0
265.340,402,307,0,1,0
265.460,406,306,0,1,0
265.570,414,306,0,1,0
265.680,421,306,0,1,0
265.790,425,306,0,1,0
265.910,424,307,0,1,0
266.020,425,307,0,1,0
266.140,424,307,0,1,0
266.260,421,306,0,1,0
266.390,418,306,0,1,0
266.500,421,306,0,1,0
266.620,424,306,0,1,0
266.730,425,306,0,1,0
266.850,426,306,0,1,0
266.970,426,306,0,1,0
267.080,426,306,0,1,0
267.190,427,306,0,1,0
267.320,427,306,0,1,0
267.430,428,306,0,1,0
267.550,429,307,0,1,0
267.660,430,307,0,1,0
267.780,431,307,0,1,0
267.910,430,307,0,1,0
268.020,431,306,0,1,0
268.130,431,306,0,1,0
268.250,430,306,0,1,0
268.360,430,306,0,1,0
268.480,426,306,0,1,0
268.750,430,307,0,1,0
268.890,430,306,0,1,0
269.000,431,307,0,1,0
269.120,429,306,0,1,0
269.230,428,307,0,1,0
269.340,429,307,0,1,0
269.460,431,308,0,1,0
269.580,432,310,0,1,0
269.690,431,309,0,1,0
269.820,429,309,0,1,0
269.950,428,310,0,1,0
270.070,427,310,0,1,0
270.190,427,310,0,1,0
270.300,425,310,0,1,0
270.410,420,309,0,1,0
270.530,414,310,0,1,0
270.640,411,310,0,1,0
270.750,407,310,0,1,0
270.870,401,309,0,1,0
270.980,392,308,0,1,0
271.100,387,308,0,1,0
271.230,382,307,0,1,0
271.340,379,307,0,1,0
271.460,378,307,0,1,0
271.580,375,308,0,1,0
271.700,372,309,0,1,0
271.820,370,310,0,1,0
271.930,369,312,0,1,0
272.050,370,311,0,1,0
272.180,371,312,0,1,0
272.290,370,312,0,1,0
272.400,370,313,0,1,0
272.520,369,312,0,1,0
272.640,370,311,0,1,0
272.750,366,311,0,1,0
272.870,361,312,0,1,0
272.980,354,313,0,1,0
273.090,350,312,0,1,0
273.200,346,311,0,1,0
273.310,343,310,0,1,0
273.430,342,309,0,1,0
273.550,341,309,0,1,0
273.660,341,309,0,1,0
273.790,341,309,0,1,0
273.920,342,309,0,1,0
274.030,342,309,0,1,0
274.140,342,309,0,1,0
274.250,340,309,0,1,0
274.360,338,308,0,1,0
274.490,333,308,0,1,0
274.600,328,308,0,1,0
274.730,326,308,0,1,0
274.850,324,309,0,1,0
274.960,321,309,0,1,0
275.070,320,310,0,1,0
275.190,319,311,0,1,0
275.300,317,311,0,1,0
275.430,317,312,0,1,0
275.540,316,312,0,1,0
275.660,316,312,0,1,0
275.770,316,312,0,1,0
275.890,316,312,0,1,0
276.010,315,312,0,1,0
276.120,316,312,0,1,0
276.230,315,312,0,1,0
276.360,315,312,0,1,0
276.470,315,312,0,1,0
276.590,316,312,0,1,0
276.700,318,310,0,1,0
276.820,320,310,0,1,0
276.930,321,309,0,1,0
277.050,323,309,0,1,0
277.160,323,309,0,1,0
277.280,325,310,0,1,0
277.400,326,310,0,1,0
277.500,326,310,0,1,0
277.610,327,311,0,1,0
277.730,327,311,0,1,0
277.850,329,311,0,1,0
277.970,330,312,0,1,0
278.080,330,313,0,1,0
278.200,330,313,0,1,0
278.320,329,314,0,1,0
278.440,329,313,0,1,0
278.550,329,312,0,1,0
278.660,330,311,0,1,0
278.780,330,311,0,1,0
278.900,330,311,0,1,0
279.010,329,311,0,1,0
279.120,327,311,0,1,0
279.230,327,311,0,1,0
279.350,326,311,0,1,0
279.470,327,311,0,1,0
279.580,330,310,0,1,0
279.700,331,309,0,1,0
279.810,333,310,0,1,0
279.920,335,310,0,1,0
280.030,338,313,0,1,0
280.160,339,313,0,1,0
280.280,342,313,0,1,0
280.400,349,313,0,1,0
280.510,359,315,0,1,0
280.630,362,314,0,1,0
280.740,363,314,0,1,0
280.860,365,312,0,1,0
280.970,366,310,0,1,0
281.090,365,310,0,1,0
281.220,365,310,0,1,0
281.340,365,310,0,1,0
281.460,364,309,0,1,0
281.570,364,309,0,1,0
281.690,364,309,0,1,0
281.810,364,309,0,1,0
281.920,365,310,0,1,0
282.040,364,309,0,1,0
282.150,365,308,0,1,0
282.260,365,308,0,1,0
282.380,365,308,0,1,0
282.500,365,307,0,1,0
282.610,364,309,0,1,0
282.740,365,307,0,1,0
282.850,365,308,0,1,0
282.970,368,308,0,1,0
283.080,375,307,0,1,0
283.190,381,307,0,1,0
283.310,390,307,0,1,0
283.430,393,307,0,1,0
283.540,394,306,0,1,0
283.660,394,306,0,1,0
283.770,394,306,0,1,0
283.890,394,307,0,1,0
284.000,393,306,0,1,0
284.120,392,306,0,1,0
284.230,393,306,0,1,0
284.340,393,306,0,1,0
284.450,392,306,0,1,0
284.580,390,306,0,1,0
284.690,390,306,0,1,0
284.800,396,306,0,1,0
284.920,401,307,0,1,0
285.040,403,307,0,1,0
285.150,409,307,0,1,0
285.270,420,307,0,1,0
285.390,423,307,0,1,0
285.500,423,307,0,1,0
285.620,422,307,0,1,0
285.730,421,307,0,1,0
285.850,423,307,0,1,0
285.970,423,307,0,1,0
286.080,422,307,0,1,0
286.190,422,308,0,1,0
286.310,421,309,0,1,0
286.420,421,311,0,1,0
286.530,421,311,0,1,0
286.650,421,311,0,1,0
286.770,423,312,0,1,0
286.880,422,312,0,1,0
286.990,423,313,0,1,0
287.100,425,313,0,1,0
287.220,426,313,0,1,0
287.340,426,314,0,1,0
287.450,426,314,0,1,0
287.560,426,314,0,1,0
287.680,426,314,0,1,0
287.800,427,314,0,1,0
287.930,427,314,0,1,0
288.040,427,314,0,1,0
288.170,429,314,0,1,0
288.290,429,314,0,1,0
288.410,430,313,0,1,0
288.520,431,312,0,1,0
288.640,432,311,0,1,0
288.750,431,310,0,1,0
288.870,430,310,0,1,0
288.980,431,310,0,1,0
289.090,431,310,0,1,0
289.210,430,310,0,1,0
289.330,431,310,0,1,0
289.450,431,310,0,1,0
289.560,431,310,0,1,0
289.680,432,311,0,1,0
289.790,432,311,0,1,0
289.910,432,311,0,1,0
290.010,431,310,0,1,0
290.130,431,310,0,1,0
290.230,428,310,0,1,0
290.350,425,311,0,1,0
290.480,425,311,0,1,0
290.600,426,312,0,1,0
290.710,424,310,0,1,0
290.820,425,310,0,1,0
290.940,425,308,0,1,0
291.050,426,308,0,1,0
291.180,425,307,0,1,0
291.290,425,307,0,1,0
291.410,425,307,0,1,0
291.520,426,307,0,1,0
291.640,427,308,0,1,0
291.760,428,308,0,1,0
291.880,430,309,0,1,0
291.990,429,308,0,1,0
292.110,429,308,0,1,0
292.230,430,307,0,1,0
292.340,429,307,0,1,0
292.450,430,307,0,1,0
292.570,429,307,0,1,0
292.700,430,307,0,1,0
292.810,431,307,0,1,0
292.920,430,307,0,1,0
293.040,430,307,0,1,0
293.170,428,308,0,1,0
293.280,428,309,0,1,0
293.400,427,310,0,1,0
293.510,426,310,0,1,0
293.630,427,310,0,1,0
293.740,426,310,0,1,0
293.860,426,311,0,1,0
293.980,426,311,0,1,0
294.100,426,310,0,1,0
294.220,427,311,0,1,0
294.320,427,309,0,1,0
294.440,423,309,0,1,0
294.560,416,307,0,1,0
294.680,409,307,0,1,0
294.800,404,308,0,1,0
294.910,402,308,0,1,0
295.020,404,309,0,1,0
295.140,404,310,0,1,0
295.250,404,310,0,1,0
295.350,404,310,0,1,0
295.470,403,309,0,1,0
295.590,402,309,0,1,0
295.710,402,309,0,1,0
295.830,402,309,0,1,0
295.940,402,309,0,1,0
296.060,401,309,0,1,0
296.170,402,309,0,1,0
296.290,401,309,0,1,0
296.400,401,309,0,1,0
296.510,401,309,0,1,0
296.630,401,309,0,1,0
296.750,401,309,0,1,0
296.860,401,309,0,1,0
296.970,401,309,0,1,0
297.100,401,309,0,1,0
297.220,402,309,0,1,0
297.340,403,308,0,1,0
297.460,402,308,0,1,0
297.580,401,308,0,1,0
297.690,397,308,0,1,0
297.810,392,309,0,1,0
297.920,385,309,0,1,0
298.030,378,310,0,1,0
298.150,369,310,0,1,0
298.270,367,309,0,1,0
298.390,365,310,0,1,0
298.510,365,310,0,1,0
298.620,365,310,0,1,0
298.730,365,310,0,1,0
298.850,366,309,0,1,0
298.960,364,311,0,1,0
299.080,357,310,0,1,0
299.190,351,310,0,1,0
299.300,345,310,0,1,0
299.420,340,309,0,1,0
299.530,336,309,0,1,0
299.650,330,309,0,1,0
299.760,324,308,0,1,0
299.880,322,309,0,1,0
299.989,321,309,0,1,0
